Customer_ID,Gender,Age,Married,City,Number_of_Referrals,Tenure_in_Months,Value_Deal,Phone_Service,Multiple_Lines,Internet_Service,Internet_Type,Online_Security,Online_Backup,Device_Protection_Plan,Premium_Support,Streaming_TV,Streaming_Movies,Streaming_Music,Unlimited_Data,Contract,Paperless_Billing,Payment_Method,Monthly_Charge,Total_Charges,Total_Refunds,Total_Extra_Data_Charges,Total_Long_Distance_Charges,Total_Revenue,Customer_Status,Churn_Category,Churn_Reason,Customer_Status_Predicted
11751-CAL,Female,18,No,Calgary,5,7,Deal 5,No        ,No,Yes,DSL,No,No,No,No,No,No,No,Yes,Month-to-Month,No,Mailed Check,24.299999237060547,38.45000076293945,0,0,0,38.45000076293945,Joined,Others,Others,1
12056-MON,Male,27,No,Montreal,2,20,,Yes       ,No,Yes,Fiber Optic,No,Yes,Yes,No,No,Yes,Yes,Yes,Month-to-Month,No,Bank Withdrawal,90.40000153,268.45001220703125,0,0,94.44000244140625,362.8900146484375,Joined,Others,Others,1
12136-HAL,Female,25,Yes,Halifax,2,35,,Yes       ,No,No,,No,No,No,No,No,No,No,No,Month-to-Month,No,Bank Withdrawal,19.899999618530273,19.899999618530273,0,0,11.829999923706055,31.729999542236328,Joined,Others,Others,1
12257-THU,Female,39,No,Thunder Bay,9,1,,Yes       ,No,No,,No,No,No,No,No,No,No,No,Month-to-Month,Yes,Credit Card,19.549999237060547,19.549999237060547,0,0,10.199999809265137,29.75,Joined,Others,Others,1
12340-OTT,Female,51,Yes,Ottawa,0,10,,Yes       ,No,Yes,Cable,No,No,No,No,Yes,Yes,Yes,Yes,Month-to-Month,Yes,Credit Card,62.79999923706055,62.79999923706055,0,0,42.189998626708984,104.98999786376953,Joined,Others,Others,1
12469-STJ,Male,24,Yes,St. John's,11,4,,Yes       ,No,Yes,DSL,No,No,No,No,Yes,No,No,Yes,Month-to-Month,Yes,Credit Card,55.29999923706055,55.29999923706055,0,0,36.689998626708984,91.98999786376953,Joined,Others,Others,1
12490-WIN,Female,52,No,Winnipeg,9,6,,Yes       ,No,Yes,Fiber Optic,No,No,Yes,No,No,No,No,Yes,Month-to-Month,Yes,Mailed Check,74.75,238.10000610351562,38.84000015258789,0,37.5,236.75999450683594,Joined,Others,Others,1
13058-CHA,Female,58,No,Charlottetown,13,22,,Yes       ,No,Yes,DSL,No,No,No,No,No,No,No,Yes,Month-to-Month,Yes,Mailed Check,46.099998474121094,130.14999389648438,0,0,7.980000019073486,138.1300048828125,Joined,Others,Others,1
13123-MCT,Female,46,No,Moncton,13,18,Deal 5,Yes       ,No,Yes,Fiber Optic,Yes,Yes,No,No,Yes,Yes,Yes,No,Month-to-Month,No,Bank Withdrawal,100.19999694824219,198.5,0,10,45.119998931884766,253.6199951171875,Joined,Others,Others,1
13666-WIN,Male,57,Yes,Windsor,15,16,,Yes       ,No,Yes,Fiber Optic,No,Yes,No,No,Yes,Yes,Yes,Yes,Month-to-Month,No,Bank Withdrawal,95.40000153,293.1499938964844,0,0,51.029998779296875,344.17999267578125,Joined,Others,Others,1
13744-STJ,Female,41,Yes,St. John's,8,3,Deal 5,Yes       ,No,No,,No,No,No,No,No,No,No,No,Month-to-Month,Yes,Bank Withdrawal,19.649999618530273,19.649999618530273,0,0,13.850000381469727,33.5,Joined,Others,Others,1
13823-WIN,Female,31,Yes,Winnipeg,1,28,Deal 5,No        ,No,Yes,DSL,No,No,No,No,No,No,No,Yes,Month-to-Month,No,Bank Withdrawal,24.5,46.400001525878906,0,0,0,46.400001525878906,Joined,Others,Others,1
13946-HAM,Female,41,Yes,Hamilton,1,3,Deal 5,Yes       ,No,No,,No,No,No,No,No,No,No,No,Month-to-Month,No,Credit Card,19.649999618530273,19.649999618530273,0,0,23.670000076293945,43.31999969482422,Joined,Others,Others,1
14567-CAL,Male,43,No,Calgary,1,9,,Yes       ,No,No,,No,No,No,No,No,No,No,No,Month-to-Month,No,Credit Card,20.350000381469727,20.350000381469727,0,0,44.09000015258789,64.44000244140625,Joined,Others,Others,1
15349-MIS,Male,47,Yes,Mississauga,9,12,Deal 5,Yes       ,Yes,Yes,DSL,No,No,No,No,No,No,No,Yes,Month-to-Month,Yes,Bank Withdrawal,50.150001525878906,50.150001525878906,0,0,39.869998931884766,90.01999664,Joined,Others,Others,1
15591-VAN,Female,26,No,Vancouver,3,31,,Yes       ,No,No,,No,No,No,No,No,No,No,No,Month-to-Month,No,Credit Card,20.399999618530273,20.399999618530273,0,0,45.90999984741211,66.30999755859375,Joined,Others,Others,1
15803-MIS,Female,34,No,Mississauga,6,31,,Yes       ,No,No,,No,No,No,No,No,No,No,No,Month-to-Month,No,Credit Card,19.149999618530273,19.149999618530273,0,0,22.37000084,41.52000045776367,Joined,Others,Others,1
16032-STJ,Female,47,No,St. John's,8,18,,Yes       ,No,Yes,DSL,No,No,No,No,No,No,No,Yes,Month-to-Month,Yes,Bank Withdrawal,46.599998474121094,87.90000153,0,0,3.740000009536743,91.63999938964844,Joined,Others,Others,1
16068-MCT,Female,44,Yes,Moncton,4,25,Deal 5,No        ,No,Yes,DSL,No,No,No,No,No,No,No,No,Month-to-Month,No,Bank Withdrawal,25.25,25.25,0,10,0,35.25,Joined,Others,Others,1
16244-MIS,Female,19,Yes,Mississauga,5,7,,Yes       ,No,No,,No,No,No,No,No,No,No,No,Month-to-Month,No,Credit Card,19.549999237060547,19.549999237060547,0,0,5.099999904632568,24.649999618530273,Joined,Others,Others,1
16733-BRA,Female,76,Yes,Brampton,10,1,,Yes       ,No,Yes,DSL,No,No,No,No,No,No,No,Yes,Month-to-Month,Yes,Credit Card,45.849998474121094,45.849998474121094,0,0,40.380001068115234,86.23000336,Joined,Others,Others,1
16764-MON,Male,40,No,Montreal,15,13,Deal 5,Yes       ,No,No,,No,No,No,No,No,No,No,No,Month-to-Month,No,Credit Card,20.799999237060547,20.799999237060547,0,0,48.13999938964844,68.94000244140625,Joined,Others,Others,1
16931-MCT,Female,39,Yes,Moncton,8,23,Deal 5,Yes       ,No,No,,No,No,No,No,No,No,No,No,Month-to-Month,Yes,Credit Card,19.299999237060547,19.299999237060547,0,0,8.659999847,27.959999084472656,Joined,Others,Others,1
17154-HAM,Male,32,No,Hamilton,13,4,,Yes       ,No,No,,No,No,No,No,No,No,No,No,One Year,No,Mailed Check,18.799999237060547,18.799999237060547,0,0,43.56999969482422,62.369998931884766,Joined,Others,Others,1
17250-HAM,Female,23,Yes,Hamilton,12,2,,Yes       ,No,Yes,DSL,No,Yes,No,No,No,No,No,Yes,Month-to-Month,No,Credit Card,49.25,97,0,0,81.5,178.5,Joined,Others,Others,1
17597-HAM,Female,33,Yes,Hamilton,2,6,Deal 5,No        ,No,Yes,DSL,No,Yes,No,No,No,No,No,Yes,Month-to-Month,Yes,Bank Withdrawal,29.850000381469727,29.850000381469727,0,0,0,29.850000381469727,Joined,Others,Others,1
17796-MCT,Female,65,No,Moncton,5,1,,Yes       ,No,Yes,Cable,Yes,No,No,No,No,No,No,Yes,Month-to-Month,Yes,Bank Withdrawal,48.45000076293945,48.45000076293945,0,0,16.420000076293945,64.87000274658203,Joined,Others,Others,1
18015-BRA,Female,28,Yes,Brampton,15,9,,Yes       ,No,Yes,DSL,No,No,No,Yes,No,No,No,Yes,Month-to-Month,Yes,Bank Withdrawal,49.900001525878906,49.900001525878906,0,0,14.930000305175781,64.83000183105469,Joined,Others,Others,1
18027-MIS,Female,58,Yes,Mississauga,15,30,Deal 5,Yes       ,No,No,,No,No,No,No,No,No,No,No,Month-to-Month,Yes,Credit Card,19.899999618530273,33.70000076293945,0,0,7.639999866485596,41.34000015258789,Joined,Others,Others,1
18415-VAN,Female,33,Yes,Vancouver,7,36,,Yes       ,No,No,,No,No,No,No,No,No,No,No,Month-to-Month,No,Mailed Check,19.100000381469727,19.100000381469727,0,0,5.019999980926514,24.12000084,Joined,Others,Others,1
18829-CAL,Female,49,Yes,Calgary,4,31,Deal 5,Yes       ,No,No,,No,No,No,No,No,No,No,No,Month-to-Month,No,Credit Card,18.799999237060547,56,0,0,19.829999923706055,75.83000183105469,Joined,Others,Others,1
19041-STJ,Female,36,No,St. John's,6,21,Deal 5,No        ,No,Yes,Cable,Yes,No,No,Yes,No,No,No,Yes,Month-to-Month,No,Credit Card,35.099998474121094,101.0999984741211,0,0,0,101.0999984741211,Joined,Others,Others,1
19539-SUR,Female,37,Yes,Surrey,14,8,Deal 5,Yes       ,No,Yes,DSL,No,No,No,No,No,No,No,Yes,Month-to-Month,Yes,Credit Card,45.400001525878906,45.400001525878906,0,0,49.33000183105469,94.73000336,Joined,Others,Others,1
19541-BRA,Female,37,Yes,Brampton,15,14,Deal 5,Yes       ,No,Yes,Cable,No,No,No,No,No,No,No,Yes,Month-to-Month,Yes,Credit Card,45.25,74.19999694824219,0,0,79,153.1999969482422,Joined,Others,Others,1
19747-MON,Female,47,No,Montreal,15,19,Deal 5,Yes       ,No,Yes,DSL,Yes,No,No,Yes,No,Yes,Yes,No,Month-to-Month,Yes,Bank Withdrawal,64.5,177.39999389648438,0,60,118.6500015258789,356.04998779296875,Joined,Others,Others,1
19811-TOR,Female,35,Yes,Toronto,10,7,Deal 5,Yes       ,No,Yes,Fiber Optic,Yes,Yes,No,No,Yes,No,No,Yes,Month-to-Month,No,Bank Withdrawal,89.84999847,248.39999389648438,0,0,99.90000153,348.29998779296875,Joined,Others,Others,1
19837-CAL,Female,57,Yes,Calgary,4,6,,No        ,No,Yes,Cable,No,Yes,No,No,Yes,Yes,Yes,Yes,Month-to-Month,No,Bank Withdrawal,51.400001525878906,96.80000305175781,0,0,0,96.80000305175781,Joined,Others,Others,1
19898-HAM,Male,31,Yes,Hamilton,3,30,Deal 5,Yes       ,No,No,,No,No,No,No,No,No,No,No,Month-to-Month,No,Credit Card,19.450000762939453,19.450000762939453,0,0,29.149999618530273,48.599998474121094,Joined,Others,Others,1
19998-STJ,Female,18,No,St. John's,0,2,Deal 5,Yes       ,No,Yes,Fiber Optic,No,No,Yes,No,No,Yes,Yes,Yes,Month-to-Month,No,Credit Card,85.69999694824219,256.75,0,0,89.51999664,346.2699890136719,Joined,Others,Others,1
21065-HAM,Male,27,No,Hamilton,5,10,,Yes       ,No,No,,No,No,No,No,No,No,No,No,Month-to-Month,No,Credit Card,20.299999237060547,20.299999237060547,0,0,10.84000015258789,31.139999389648438,Joined,Others,Others,1
21165-OTT,Female,38,No,Ottawa,2,32,Deal 5,Yes       ,No,No,,No,No,No,No,No,No,No,No,Month-to-Month,No,Credit Card,19.950000762939453,38.150001525878906,0,0,69.13999938964844,107.29000091552734,Joined,Others,Others,1
21247-THU,Male,58,Yes,Thunder Bay,2,2,,Yes       ,No,No,,No,No,No,No,No,No,No,No,Month-to-Month,Yes,Credit Card,19.5,19.5,0,0,8.020000457763672,27.520000457763672,Joined,Others,Others,1
21288-TOR,Female,63,No,Toronto,12,34,,Yes       ,Yes,Yes,DSL,No,No,No,No,Yes,No,No,No,Month-to-Month,Yes,Bank Withdrawal,60.25,170.5,0,70,60.29999923706055,300.79998779296875,Joined,Others,Others,1
21642-WIN,Male,60,Yes,Winnipeg,12,29,,Yes       ,No,Yes,DSL,Yes,No,No,Yes,No,No,No,Yes,Month-to-Month,No,Bank Withdrawal,54.5,54.5,0,0,33.209999084472656,87.70999908447266,Joined,Others,Others,1
21956-YEL,Female,59,Yes,Yellowknife,10,8,,Yes       ,No,Yes,Fiber Optic,Yes,No,No,Yes,No,No,No,No,Month-to-Month,Yes,Credit Card,82.30000305175781,214.39999389648438,0,20,134.91000366210938,369.30999755859375,Joined,Others,Others,1
22119-MON,Male,31,Yes,Montreal,5,5,,Yes       ,No,No,,No,No,No,No,No,No,No,No,Month-to-Month,No,Credit Card,20.049999237060547,33.70000076293945,0,0,3.619999885559082,37.31999969482422,Joined,Others,Others,1
22137-VAN,Female,51,No,Vancouver,4,28,,Yes       ,No,No,,No,No,No,No,No,No,No,No,One Year,No,Credit Card,19.850000381469727,19.850000381469727,0,0,47.459999084472656,67.30999755859375,Joined,Others,Others,1
22765-TOR,Female,40,Yes,Toronto,6,16,Deal 5,Yes       ,No,No,,No,No,No,No,No,No,No,No,Month-to-Month,No,Bank Withdrawal,19.450000762939453,19.450000762939453,0,0,16.440000534057617,35.88999938964844,Joined,Others,Others,1
22782-BRA,Female,50,Yes,Brampton,2,28,,Yes       ,No,No,,No,No,No,No,No,No,No,No,Month-to-Month,No,Credit Card,19.299999237060547,54.70000076293945,0,0,30.389999389648438,85.08999633789062,Joined,Others,Others,1
23078-MIS,Female,57,Yes,Mississauga,3,24,,Yes       ,No,No,,No,No,No,No,No,No,No,No,Month-to-Month,Yes,Bank Withdrawal,20.299999237060547,20.299999237060547,0,0,6.639999866485596,26.940000534057617,Joined,Others,Others,1
23148-WHI,Female,74,Yes,Whitehorse,4,9,Deal 5,Yes       ,No,Yes,DSL,No,No,No,No,No,No,No,Yes,Two Year,No,Bank Withdrawal,44,44,0,0,28.670000076293945,72.66999816894531,Joined,Others,Others,1
23256-HAM,Female,32,Yes,Hamilton,10,31,Deal 5,Yes       ,No,No,,No,No,No,No,No,No,No,No,Month-to-Month,No,Bank Withdrawal,19.850000381469727,52,0,0,72.09999847,124.0999984741211,Joined,Others,Others,1
23605-TOR,Female,31,Yes,Toronto,1,19,,Yes       ,No,No,,No,No,No,No,No,No,No,No,Month-to-Month,No,Credit Card,20.75,20.75,0,0,7.570000171661377,28.31999969482422,Joined,Others,Others,1
23632-HAM,Female,37,Yes,Hamilton,2,16,Deal 5,Yes       ,No,Yes,Fiber Optic,Yes,No,No,No,Yes,Yes,Yes,Yes,Month-to-Month,No,Bank Withdrawal,97.09999847,184.14999389648438,0,0,78.69999694824219,262.8500061035156,Joined,Others,Others,1
23683-WIN,Male,26,No,Winnipeg,10,16,,Yes       ,No,No,,No,No,No,No,No,No,No,No,Month-to-Month,Yes,Credit Card,20.25,20.25,0,0,42.959999084472656,63.209999084472656,Joined,Others,Others,1
23729-MIS,Female,58,No,Mississauga,14,19,Deal 5,Yes       ,No,No,,No,No,No,No,No,No,No,No,Month-to-Month,Yes,Credit Card,19.649999618530273,38.79999923706055,0,0,19.219999313354492,58.02000045776367,Joined,Others,Others,1
23855-TOR,Female,53,Yes,Toronto,13,9,,Yes       ,No,Yes,DSL,No,No,No,No,No,No,No,Yes,Month-to-Month,No,Bank Withdrawal,44.900001525878906,111.05000305175781,0,0,10.15999984741211,121.20999908447266,Joined,Others,Others,1
24696-MCT,Female,69,Yes,Moncton,0,20,Deal 5,Yes       ,No,Yes,DSL,No,No,No,No,No,No,No,Yes,Month-to-Month,No,Bank Withdrawal,43.95000076293945,85.09999847,0,0,38.18000030517578,123.27999877929688,Joined,Others,Others,1
24754-STJ,Female,63,Yes,St. John's,0,28,,Yes       ,No,Yes,Fiber Optic,No,No,No,No,No,No,No,Yes,Month-to-Month,Yes,Bank Withdrawal,69.55000305175781,200.1999969482422,33.79999923706055,0,5.010000228881836,171.41000366210938,Joined,Others,Others,1
24990-MON,Female,36,No,Montreal,8,24,,Yes       ,No,Yes,Fiber Optic,No,No,No,No,No,No,No,Yes,Month-to-Month,Yes,Bank Withdrawal,71.65000153,135.75,0,0,58.060001373291016,193.80999755859375,Joined,Others,Others,1
25048-WIN,Male,47,No,Winnipeg,15,9,Deal 5,Yes       ,Yes,No,,No,No,No,No,No,No,No,No,Month-to-Month,No,Credit Card,24,24,0,0,32.95000076293945,56.95000076293945,Joined,Others,Others,1
25517-HAL,Female,40,No,Halifax,4,10,,Yes       ,Yes,Yes,Fiber Optic,No,No,Yes,No,Yes,No,No,No,Month-to-Month,Yes,Bank Withdrawal,91.44999694824219,171.4499969482422,0,10,98.81999969482422,280.2699890136719,Joined,Others,Others,1
25763-YEL,Female,47,Yes,Yellowknife,9,3,Deal 5,Yes       ,No,Yes,Cable,No,No,No,No,No,No,No,Yes,Month-to-Month,No,Bank Withdrawal,44.150001525878906,44.150001525878906,0,0,9.819999694824219,53.970001220703125,Joined,Others,Others,1
26412-THU,Female,30,No,Thunder Bay,7,18,,Yes       ,No,No,,No,No,No,No,No,No,No,No,Month-to-Month,Yes,Bank Withdrawal,20.700000762939453,39.849998474121094,0,0,27.780000686645508,67.62999725341797,Joined,Others,Others,1
26448-MCT,Female,57,No,Moncton,10,21,Deal 5,Yes       ,No,Yes,DSL,No,Yes,No,Yes,Yes,Yes,Yes,Yes,Month-to-Month,Yes,Bank Withdrawal,75.30000305175781,244.10000610351562,0,0,116.97000122070312,361.07000732421875,Joined,Others,Others,1
26500-SAS,Female,62,Yes,Saskatoon,3,19,Deal 5,Yes       ,No,Yes,Cable,Yes,No,No,No,No,Yes,Yes,Yes,Month-to-Month,Yes,Mailed Check,62.150001525878906,113.0999984741211,0,0,96.77999877929688,209.8800048828125,Joined,Others,Others,1
26567-MIS,Female,67,Yes,Mississauga,1,35,,Yes       ,No,No,,No,No,No,No,No,No,No,No,Two Year,No,Credit Card,20.350000381469727,20.350000381469727,0,0,30.09000015258789,50.439998626708984,Joined,Others,Others,1
26902-WIN,Male,52,Yes,Winnipeg,7,2,,Yes       ,No,Yes,Fiber Optic,No,No,No,Yes,Yes,Yes,Yes,Yes,Month-to-Month,Yes,Bank Withdrawal,95.84999847,95.84999847,0,0,2.700000047683716,98.55000305175781,Joined,Others,Others,1
27461-CHA,Male,22,Yes,Charlottetown,7,6,Deal 5,Yes       ,No,Yes,Cable,No,No,No,No,No,No,No,Yes,Month-to-Month,Yes,Credit Card,44.54999923706055,44.54999923706055,0,0,23.040000915527344,67.58999633789062,Joined,Others,Others,1
27465-KEL,Female,50,No,Kelowna,10,30,,Yes       ,No,No,,No,No,No,No,No,No,No,No,Month-to-Month,No,Credit Card,19.850000381469727,19.850000381469727,0,0,16.469999313354492,36.31999969482422,Joined,Others,Others,1
27553-MIS,Female,53,Yes,Mississauga,0,18,,Yes       ,No,No,,No,No,No,No,No,No,No,No,Month-to-Month,No,Credit Card,20.299999237060547,20.299999237060547,0,0,4.090000152587891,24.389999389648438,Joined,Others,Others,1
27561-MIS,Female,19,No,Mississauga,6,10,Deal 5,Yes       ,No,No,,No,No,No,No,No,No,No,No,Month-to-Month,Yes,Credit Card,20.25,20.25,0,0,47.25,67.5,Joined,Others,Others,1
27856-MIS,Female,33,Yes,Mississauga,1,32,Deal 5,Yes       ,No,No,,No,No,No,No,No,No,No,No,Month-to-Month,Yes,Bank Withdrawal,19.25,19.25,0,0,9.43999958,28.690000534057617,Joined,Others,Others,1
28237-YEL,Female,52,No,Yellowknife,7,9,Deal 5,Yes       ,No,Yes,Fiber Optic,No,No,No,No,No,No,No,Yes,Month-to-Month,Yes,Bank Withdrawal,69.84999847,199.85000610351562,0,0,104.27999877929688,304.1300048828125,Joined,Others,Others,1
28239-MIS,Female,55,Yes,Mississauga,0,5,,Yes       ,No,No,,No,No,No,No,No,No,No,No,Month-to-Month,No,Credit Card,19.950000762939453,19.950000762939453,0,0,38.84000015258789,58.790000915527344,Joined,Others,Others,1
28266-KEL,Male,32,No,Kelowna,6,1,,No        ,No,Yes,DSL,No,No,No,No,No,No,No,Yes,Month-to-Month,No,Credit Card,25.350000381469727,25.350000381469727,0,0,0,25.350000381469727,Joined,Others,Others,1
28281-VAN,Male,56,Yes,Vancouver,8,32,Deal 5,Yes       ,No,Yes,Fiber Optic,No,No,No,No,No,Yes,Yes,Yes,Month-to-Month,Yes,Bank Withdrawal,80.34999847,253.8000030517578,0,0,148.88999938964844,402.69000244140625,Joined,Others,Others,1
28378-CHA,Female,65,No,Charlottetown,12,1,Deal 5,Yes       ,No,No,,No,No,No,No,No,No,No,No,Month-to-Month,No,Bank Withdrawal,19.450000762939453,19.450000762939453,0,0,46.59000015258789,66.04000091552734,Joined,Others,Others,1
28398-WIN,Male,59,Yes,Winnipeg,3,23,Deal 5,Yes       ,No,No,,No,No,No,No,No,No,No,No,Month-to-Month,No,Credit Card,20,20,0,0,25.989999771118164,45.99000168,Joined,Others,Others,1
28681-HAM,Female,33,No,Hamilton,4,2,,Yes       ,No,Yes,Fiber Optic,No,No,Yes,No,No,No,No,Yes,Month-to-Month,No,Bank Withdrawal,75.55000305175781,75.55000305175781,0,0,7.110000133514404,82.66000366210938,Joined,Others,Others,1
28782-SUR,Male,58,Yes,Surrey,8,7,Deal 5,Yes       ,No,Yes,DSL,No,No,No,No,No,No,No,Yes,Month-to-Month,Yes,Mailed Check,44.95000076293945,44.95000076293945,0,0,13.630000114440918,58.58000183105469,Joined,Others,Others,1
28873-CAL,Male,55,No,Calgary,7,4,,Yes       ,No,Yes,Fiber Optic,No,Yes,No,No,No,No,No,Yes,Month-to-Month,No,Bank Withdrawal,74.94999694824219,151.75,0,0,7.519999980926514,159.27000427246094,Joined,Others,Others,1
29093-THU,Male,57,Yes,Thunder Bay,6,6,,Yes       ,No,No,,No,No,No,No,No,No,No,No,Month-to-Month,Yes,Mailed Check,20.450000762939453,20.450000762939453,0,0,11.609999656677246,32.060001373291016,Joined,Others,Others,1
29371-MON,Female,23,No,Montreal,14,9,Deal 5,Yes       ,No,Yes,DSL,No,No,No,No,No,Yes,Yes,Yes,Month-to-Month,Yes,Bank Withdrawal,55.29999923706055,108.6500015258789,0,0,87.86000061035156,196.50999450683594,Joined,Others,Others,1
29525-CAL,Female,50,Yes,Calgary,9,3,Deal 5,No        ,No,Yes,DSL,No,No,No,No,No,No,No,Yes,Month-to-Month,No,Credit Card,25,78.25,0,0,0,78.25,Joined,Others,Others,1
29626-MON,Male,67,No,Montreal,10,22,Deal 5,Yes       ,No,Yes,DSL,Yes,No,No,No,No,No,No,No,Month-to-Month,No,Bank Withdrawal,50.150001525878906,50.150001525878906,0,50,38.33000183105469,138.47999572753906,Joined,Others,Others,1
31129-STJ,Male,68,No,St. John's,15,15,,Yes       ,No,Yes,Fiber Optic,No,No,No,No,No,No,No,No,Month-to-Month,Yes,Bank Withdrawal,70.34999847,70.34999847,0,10,14.420000076293945,94.76999664,Joined,Others,Others,1
31294-VAN,Male,50,Yes,Vancouver,15,33,Deal 5,Yes       ,No,Yes,DSL,Yes,No,No,No,No,No,No,Yes,Month-to-Month,No,Bank Withdrawal,49.75,49.75,0,0,41.790000915527344,91.54000091552734,Joined,Others,Others,1
31412-HAM,Female,81,Yes,Hamilton,14,29,,Yes       ,No,No,,No,No,No,No,No,No,No,No,Two Year,No,Bank Withdrawal,19.200000762939453,37.20000076293945,0,0,14.06000042,51.25999832,Joined,Others,Others,1
31476-WIN,Male,42,Yes,Winnipeg,5,33,Deal 5,Yes       ,No,No,,No,No,No,No,No,No,No,No,Month-to-Month,No,Credit Card,19.950000762939453,19.950000762939453,0,0,27.079999923706055,47.029998779296875,Joined,Others,Others,1
31601-OTT,Female,31,Yes,Ottawa,2,10,,Yes       ,No,No,,No,No,No,No,No,No,No,No,Month-to-Month,No,Credit Card,19.649999618530273,19.649999618530273,0,0,42.41999816894531,62.06999969482422,Joined,Others,Others,1
31918-VAN,Female,37,No,Vancouver,15,34,,No        ,No,Yes,Cable,Yes,No,Yes,Yes,No,No,No,Yes,Month-to-Month,No,Credit Card,41.349998474121094,107.25,0,0,0,107.25,Joined,Others,Others,1
32063-MIS,Female,63,Yes,Mississauga,6,31,Deal 5,Yes       ,No,No,,No,No,No,No,No,No,No,No,Month-to-Month,Yes,Credit Card,19,19,0,0,28.280000686645508,47.279998779296875,Joined,Others,Others,1
32375-MIS,Female,23,Yes,Mississauga,1,3,,Yes       ,No,No,,No,No,No,No,No,No,No,No,Month-to-Month,No,Mailed Check,20.899999618530273,20.899999618530273,0,0,10.210000038146973,31.110000610351562,Joined,Others,Others,1
32563-VAN,Female,34,Yes,Vancouver,3,22,,Yes       ,No,Yes,Fiber Optic,No,No,No,No,No,No,No,No,Month-to-Month,Yes,Bank Withdrawal,69.80000305175781,146.64999389648438,0,10,22.37999916,179.02999877929688,Joined,Others,Others,1
32586-MIS,Female,25,No,Mississauga,15,10,,Yes       ,Yes,No,,No,No,No,No,No,No,No,No,Month-to-Month,Yes,Credit Card,-8,25.75,0,0,15.220000267028809,40.970001220703125,Joined,Others,Others,1
32587-MIS,Female,30,No,Mississauga,1,27,,Yes       ,No,Yes,Cable,No,No,No,No,No,No,No,Yes,Month-to-Month,No,Credit Card,45.45000076293945,141.6999969482422,0,0,61.11000061035156,202.80999755859375,Joined,Others,Others,1
32966-HAM,Female,23,No,Hamilton,3,7,,Yes       ,No,No,,No,No,No,No,No,No,No,No,Month-to-Month,No,Bank Withdrawal,19.200000762939453,19.200000762939453,0,0,26.37000084,45.56999969482422,Joined,Others,Others,1
33565-MIS,Male,72,Yes,Mississauga,7,29,,Yes       ,Yes,Yes,Fiber Optic,No,No,No,No,No,No,No,Yes,Two Year,No,Bank Withdrawal,74.30000305175781,74.30000305175781,0,0,17.84000015258789,92.13999938964844,Joined,Others,Others,1
33621-CHA,Female,42,No,Charlottetown,13,12,Deal 5,Yes       ,No,Yes,Fiber Optic,No,No,No,No,No,No,No,No,Month-to-Month,Yes,Bank Withdrawal,70.34999847,120.25,0,20,15.399999618530273,155.64999389648438,Joined,Others,Others,1
33773-MIS,Male,58,Yes,Mississauga,3,6,Deal 5,Yes       ,No,No,,No,No,No,No,No,No,No,No,Month-to-Month,No,Credit Card,20.600000381469727,20.600000381469727,0,0,1.4800000190734863,22.079999923706055,Joined,Others,Others,1
33776-MCT,Male,32,Yes,Moncton,6,10,,Yes       ,No,No,,No,No,No,No,No,No,No,No,Month-to-Month,No,Credit Card,19.200000762939453,19.200000762939453,0,0,35.880001068115234,55.08000183105469,Joined,Others,Others,1
34024-STJ,Female,45,Yes,St. John's,4,21,,Yes       ,No,No,,No,No,No,No,No,No,No,No,Month-to-Month,No,Credit Card,20.049999237060547,20.049999237060547,0,0,7.659999847412109,27.709999084472656,Joined,Others,Others,1
34101-CAL,Female,41,No,Calgary,5,35,,Yes       ,No,No,,No,No,No,No,No,No,No,No,Month-to-Month,No,Bank Withdrawal,20.200000762939453,50.599998474121094,0,0,55.290000915527344,105.88999938964844,Joined,Others,Others,1
34110-TOR,Female,20,Yes,Toronto,6,3,,Yes       ,Yes,Yes,Cable,No,No,No,No,No,No,No,Yes,Month-to-Month,Yes,Bank Withdrawal,50.099998474121094,50.099998474121094,0,0,29.12999916,79.23000336,Joined,Others,Others,1
34169-HAL,Male,51,Yes,Halifax,14,30,Deal 5,Yes       ,Yes,No,,No,No,No,No,No,No,No,No,Month-to-Month,No,Credit Card,24.850000381469727,62,0,0,80.5,142.5,Joined,Others,Others,1
34319-MIS,Male,40,Yes,Mississauga,12,25,Deal 5,Yes       ,No,Yes,DSL,No,Yes,No,No,No,No,No,Yes,Month-to-Month,Yes,Credit Card,50.150001525878906,50.150001525878906,0,0,20.299999237060547,70.44999694824219,Joined,Others,Others,1
34713-RIC,Male,58,Yes,Richmond,1,29,Deal 5,Yes       ,Yes,Yes,Fiber Optic,Yes,No,No,No,No,Yes,Yes,Yes,Month-to-Month,No,Credit Card,90.75,174.75,0,0,54.34000015258789,229.08999633789062,Joined,Others,Others,1
35075-SUR,Male,64,Yes,Surrey,5,9,,Yes       ,No,Yes,Cable,No,No,Yes,Yes,No,No,No,Yes,Month-to-Month,No,Credit Card,55.04999923706055,55.04999923706055,0,0,14.649999618530273,69.69999694824219,Joined,Others,Others,1
35635-WIN,Female,26,Yes,Winnipeg,10,5,,Yes       ,No,No,,No,No,No,No,No,No,No,No,Month-to-Month,No,Mailed Check,20.399999618530273,20.399999618530273,0,0,17.809999465942383,38.209999084472656,Joined,Others,Others,1
35658-YEL,Male,35,No,Yellowknife,2,16,,Yes       ,No,No,,No,No,No,No,No,No,No,No,Month-to-Month,No,Mailed Check,20.450000762939453,20.450000762939453,0,0,39.61000061035156,60.060001373291016,Joined,Others,Others,1
36017-CAL,Female,52,Yes,Calgary,15,23,,Yes       ,No,No,,No,No,No,No,No,No,No,No,Month-to-Month,No,Credit Card,19.549999237060547,19.549999237060547,0,0,40.630001068115234,60.18000030517578,Joined,Others,Others,1
36284-BRA,Male,43,Yes,Brampton,4,13,,Yes       ,No,Yes,DSL,No,No,No,No,No,No,No,Yes,Month-to-Month,No,Bank Withdrawal,44.54999923706055,44.54999923706055,0,0,41.099998474121094,85.65000153,Joined,Others,Others,1
36323-MIS,Female,48,No,Mississauga,14,11,,Yes       ,No,No,,No,No,No,No,No,No,No,No,One Year,No,Bank Withdrawal,20.5,38.25,0,0,62.02000045776367,100.2699966430664,Joined,Others,Others,1
36339-MIS,Female,54,No,Mississauga,14,7,Deal 5,Yes       ,No,No,,No,No,No,No,No,No,No,No,Month-to-Month,Yes,Credit Card,19.899999618530273,45.75,0,0,124.08000183105469,169.8300018310547,Joined,Others,Others,1
36483-VAN,Male,42,No,Vancouver,2,14,,Yes       ,No,No,,No,No,No,No,No,No,No,No,Month-to-Month,No,Credit Card,19.75,19.75,0,0,15.770000457763672,35.52000045776367,Joined,Others,Others,1
36628-SAS,Female,44,Yes,Saskatoon,7,1,Deal 5,Yes       ,No,Yes,Fiber Optic,Yes,No,No,Yes,No,No,No,Yes,Month-to-Month,Yes,Bank Withdrawal,80.15000153,194.5500030517578,0,0,53.15999984741211,247.7100067138672,Joined,Others,Others,1
37131-TOR,Male,52,No,Toronto,6,2,,Yes       ,No,Yes,Fiber Optic,No,No,No,No,Yes,Yes,Yes,Yes,Month-to-Month,Yes,Bank Withdrawal,89.25,89.25,0,0,16.639999389648438,105.88999938964844,Joined,Others,Others,1
38452-TOR,Female,34,No,Toronto,6,14,Deal 5,Yes       ,No,Yes,DSL,Yes,No,No,No,No,No,No,Yes,Month-to-Month,No,Bank Withdrawal,47.95000076293945,47.95000076293945,0,0,46.22999954223633,94.18000030517578,Joined,Others,Others,1
38577-MCT,Female,30,Yes,Moncton,6,36,,Yes       ,No,Yes,DSL,No,No,No,No,No,No,No,Yes,Month-to-Month,Yes,Bank Withdrawal,44.5,90.05000305175781,0,0,61.74000168,151.7899932861328,Joined,Others,Others,1
38663-MIS,Male,42,No,Mississauga,7,15,Deal 5,Yes       ,No,No,,No,No,No,No,No,No,No,No,Month-to-Month,No,Credit Card,20.299999237060547,40.25,0,0,14.539999961853027,54.790000915527344,Joined,Others,Others,1
38748-STJ,Female,22,Yes,St. John's,13,6,,Yes       ,No,No,,No,No,No,No,No,No,No,No,Month-to-Month,No,Bank Withdrawal,19.649999618530273,19.649999618530273,0,0,27.87999916,47.529998779296875,Joined,Others,Others,1
38920-SUR,Female,50,No,Surrey,8,7,,Yes       ,No,Yes,Cable,No,No,No,No,No,No,No,No,Month-to-Month,Yes,Bank Withdrawal,43.849998474121094,43.849998474121094,0,10,15.899999618530273,69.75,Joined,Others,Others,1
39128-SUR,Male,36,No,Surrey,15,22,Deal 5,Yes       ,No,Yes,DSL,No,No,No,No,No,No,No,No,Month-to-Month,Yes,Bank Withdrawal,44.75,44.75,0,10,18.56999969482422,73.31999969482422,Joined,Others,Others,1
39332-WIN,Female,44,Yes,Winnipeg,6,8,,Yes       ,No,Yes,Fiber Optic,No,No,No,No,Yes,No,No,No,Month-to-Month,Yes,Bank Withdrawal,80.55000305175781,80.55000305175781,0,60,5.929999828338623,146.47999572753906,Joined,Others,Others,1
39540-MCT,Female,34,No,Moncton,12,13,,Yes       ,No,Yes,Cable,No,No,No,Yes,No,No,No,Yes,Month-to-Month,No,Credit Card,49.04999923706055,49.04999923706055,0,0,25.770000457763672,74.81999969482422,Joined,Others,Others,1
39623-HAM,Female,85,No,Hamilton,2,10,Deal 5,Yes       ,No,Yes,Fiber Optic,No,Yes,No,No,No,No,No,No,Month-to-Month,Yes,Bank Withdrawal,74.59999847,239.0500030517578,0,30,118.52999877929688,387.5799865722656,Joined,Others,Others,1
39764-MIS,Female,39,Yes,Mississauga,5,14,,Yes       ,No,No,,No,No,No,No,No,No,No,No,Month-to-Month,No,Credit Card,19.350000381469727,46.349998474121094,0,0,88.68000030517578,135.02999877929688,Joined,Others,Others,1
39866-TOR,Female,24,No,Toronto,1,12,Deal 5,Yes       ,No,Yes,DSL,No,No,No,No,No,No,No,No,Month-to-Month,No,Bank Withdrawal,45.54999923706055,84.40000153,0,10,83.80000305175781,178.1999969482422,Joined,Others,Others,1
41196-TOR,Female,29,Yes,Toronto,11,10,Deal 5,Yes       ,No,Yes,DSL,No,No,No,No,No,No,No,No,Month-to-Month,Yes,Bank Withdrawal,45,45,0,10,40.630001068115234,95.62999725341797,Joined,Others,Others,1
41235-MON,Female,37,No,Montreal,8,10,Deal 5,Yes       ,No,Yes,DSL,No,No,No,No,No,No,No,Yes,Month-to-Month,Yes,Bank Withdrawal,44.79999923706055,44.79999923706055,0,0,27.459999084472656,72.26000213623047,Joined,Others,Others,1
41427-HAM,Male,37,No,Hamilton,13,13,Deal 5,Yes       ,No,No,,No,No,No,No,No,No,No,No,Month-to-Month,No,Bank Withdrawal,20.200000762939453,20.200000762939453,0,0,24.479999542236328,44.68000030517578,Joined,Others,Others,1
41500-VAN,Male,31,No,Vancouver,1,31,Deal 5,Yes       ,No,No,,No,No,No,No,No,No,No,No,Month-to-Month,No,Credit Card,19.850000381469727,51.599998474121094,0,0,54.939998626708984,106.54000091552734,Joined,Others,Others,1
41795-MIS,Female,58,No,Mississauga,5,10,,Yes       ,No,No,,No,No,No,No,No,No,No,No,Month-to-Month,No,Credit Card,19.75,19.75,0,0,41.279998779296875,61.029998779296875,Joined,Others,Others,1
42089-TOR,Female,32,No,Toronto,2,34,Deal 5,Yes       ,No,No,,No,No,No,No,No,No,No,No,Month-to-Month,No,Credit Card,20.700000762939453,57.5,0,0,115.2300033569336,172.72999572753906,Joined,Others,Others,1
42358-MCT,Female,53,No,Moncton,9,35,,Yes       ,No,Yes,DSL,No,No,No,No,Yes,No,No,Yes,Month-to-Month,Yes,Bank Withdrawal,54.20000076293945,140.39999389648438,0,0,124.13999938964844,264.5400085449219,Joined,Others,Others,1
42574-THU,Female,25,No,Thunder Bay,5,3,,Yes       ,No,No,,No,No,No,No,No,No,No,No,Month-to-Month,No,Credit Card,19.549999237060547,19.549999237060547,0,0,8.229999542236328,27.780000686645508,Joined,Others,Others,1
42768-CAL,Female,45,No,Calgary,13,14,,Yes       ,No,No,,No,No,No,No,No,No,No,No,Month-to-Month,No,Credit Card,19.399999618530273,19.399999618530273,0,0,2.8499999046325684,22.25,Joined,Others,Others,1
42864-BRA,Female,29,No,Brampton,2,10,Deal 5,No        ,No,Yes,DSL,No,Yes,No,No,No,No,No,Yes,Month-to-Month,Yes,Mailed Check,30.25,63.75,0,0,0,63.75,Joined,Others,Others,1
43297-TOR,Male,60,No,Toronto,12,18,,Yes       ,No,Yes,Cable,No,No,No,Yes,No,No,No,No,Month-to-Month,Yes,Credit Card,50.20000076293945,109.25,0,10,12.680000305175781,131.92999267578125,Joined,Others,Others,1
43604-CAL,Female,18,No,Calgary,14,7,Deal 5,Yes       ,No,No,,No,No,No,No,No,No,No,No,One Year,No,Mailed Check,19.649999618530273,19.649999618530273,0,0,23.40999984741211,43.060001373291016,Joined,Others,Others,1
43877-SUR,Male,23,No,Surrey,6,3,,Yes       ,No,Yes,DSL,No,No,Yes,No,No,Yes,Yes,Yes,Month-to-Month,No,Bank Withdrawal,60.849998474121094,111.4000015258789,0,0,30.5,141.89999389648438,Joined,Others,Others,1
43908-MON,Male,36,No,Montreal,3,25,,Yes       ,No,Yes,Fiber Optic,No,No,No,No,No,No,No,Yes,Month-to-Month,No,Bank Withdrawal,70.34999847,139.25,0,0,89.54000091552734,228.7899932861328,Joined,Others,Others,1
43920-HAL,Female,38,No,Halifax,9,3,Deal 5,Yes       ,No,Yes,Cable,Yes,No,No,No,No,No,No,Yes,Month-to-Month,No,Credit Card,49.900001525878906,49.900001525878906,0,0,9,58.900001525878906,Joined,Others,Others,1
44202-WIN,Female,50,Yes,Winnipeg,9,14,,Yes       ,No,Yes,Fiber Optic,No,No,No,No,No,No,No,Yes,Month-to-Month,Yes,Credit Card,69.94999694824219,69.94999694824219,0,0,11.449999809265137,81.40000153,Joined,Others,Others,1
44208-STJ,Female,25,Yes,St. John's,2,20,,Yes       ,Yes,Yes,DSL,No,Yes,Yes,No,Yes,No,No,No,Month-to-Month,Yes,Bank Withdrawal,69.15000153,235,0,0,72.83999633789062,307.8399963378906,Joined,Others,Others,1
44655-WIN,Male,41,Yes,Winnipeg,0,25,,Yes       ,No,Yes,DSL,No,No,No,Yes,No,No,No,Yes,Month-to-Month,Yes,Mailed Check,50.5,147.75,0,0,79.13999938964844,226.88999938964844,Joined,Others,Others,1
44693-MIS,Female,53,No,Mississauga,11,27,,Yes       ,No,No,,No,No,No,No,No,No,No,No,One Year,No,Credit Card,20.299999237060547,31.899999618530273,0,0,70.83999633789062,102.73999786376953,Joined,Others,Others,1
44700-OTT,Female,48,No,Ottawa,10,19,Deal 5,Yes       ,Yes,Yes,Fiber Optic,No,No,No,No,Yes,No,No,No,Month-to-Month,Yes,Bank Withdrawal,84.59999847,84.59999847,0,0,7.340000152587891,91.94000244140625,Joined,Others,Others,1
44709-MON,Female,72,Yes,Montreal,7,17,,No        ,No,Yes,DSL,No,Yes,No,No,No,No,No,Yes,Month-to-Month,Yes,Bank Withdrawal,30.75,82.84999847,0,0,0,82.84999847,Joined,Others,Others,1
45038-MCT,Female,25,Yes,Moncton,7,14,,Yes       ,No,Yes,Fiber Optic,Yes,No,No,No,No,No,No,Yes,Month-to-Month,Yes,Bank Withdrawal,74.55000305175781,233.64999389648438,0,0,30.299999237060547,263.95001220703125,Joined,Others,Others,1
45213-STJ,Female,25,Yes,St. John's,15,5,Deal 5,Yes       ,No,Yes,Cable,Yes,No,No,No,No,Yes,Yes,Yes,Month-to-Month,Yes,Credit Card,61.20000076293945,125.94999694824219,0,0,64.12000274658203,190.07000732421875,Joined,Others,Others,1
45561-TOR,Female,44,Yes,Toronto,6,7,Deal 5,Yes       ,No,No,,No,No,No,No,No,No,No,No,Month-to-Month,Yes,Mailed Check,20,40.900001525878906,0,0,86.54000091552734,127.44000244140625,Joined,Others,Others,1
45672-CAL,Female,29,No,Calgary,0,2,,Yes       ,No,No,,No,No,No,No,No,No,No,No,Month-to-Month,No,Mailed Check,20.200000762939453,20.200000762939453,0,0,42.150001525878906,62.349998474121094,Joined,Others,Others,1
45771-VAN,Female,50,No,Vancouver,3,7,,Yes       ,No,Yes,DSL,No,No,No,No,No,No,No,Yes,Month-to-Month,No,Credit Card,44.45000076293945,44.45000076293945,0,0,23.34000015258789,67.79000091552734,Joined,Others,Others,1
45978-SAS,Female,38,Yes,Saskatoon,2,19,,Yes       ,No,No,,No,No,No,No,No,No,No,No,Month-to-Month,No,Credit Card,20.75,44.20000076293945,0,0,55.34000015258789,99.54000091552734,Joined,Others,Others,1
46004-CAL,Male,25,Yes,Calgary,1,6,,Yes       ,No,Yes,DSL,No,No,No,Yes,Yes,Yes,Yes,Yes,Month-to-Month,No,Bank Withdrawal,-8,132.39999389648438,0,0,47.040000915527344,179.44000244140625,Joined,Others,Others,1
46081-CAL,Male,41,Yes,Calgary,14,29,,Yes       ,No,Yes,DSL,No,No,No,No,No,No,No,Yes,Month-to-Month,No,Credit Card,45.150001525878906,45.150001525878906,0,0,42.34000015258789,87.48999786376953,Joined,Others,Others,1
46190-SAS,Male,27,Yes,Saskatoon,0,36,Deal 5,Yes       ,No,Yes,DSL,No,No,No,No,No,Yes,Yes,No,Month-to-Month,No,Mailed Check,55.54999923706055,55.54999923706055,0,30,33.31999969482422,118.87000274658203,Joined,Others,Others,1
46378-TOR,Female,59,Yes,Toronto,15,10,,Yes       ,No,Yes,Fiber Optic,No,No,No,No,No,No,No,Yes,Month-to-Month,Yes,Credit Card,70.40000153,154.8000030517578,0,0,14.979999542236328,169.77999877929688,Joined,Others,Others,1
46619-HAL,Male,25,No,Halifax,1,14,,Yes       ,No,No,,No,No,No,No,No,No,No,No,One Year,No,Credit Card,20.399999618530273,20.399999618530273,0,0,27.5,47.900001525878906,Joined,Others,Others,1
46730-THU,Female,18,No,Thunder Bay,5,4,Deal 5,Yes       ,No,Yes,Fiber Optic,No,Yes,No,No,No,No,No,Yes,Month-to-Month,Yes,Bank Withdrawal,74.75,144.8000030517578,0,0,87.12000274658203,231.9199981689453,Joined,Others,Others,1
46792-CHA,Female,59,Yes,Charlottetown,6,25,Deal 5,No        ,No,Yes,DSL,No,No,Yes,Yes,No,No,No,Yes,Month-to-Month,No,Credit Card,35.900001525878906,35.900001525878906,0,0,0,35.900001525878906,Joined,Others,Others,1
46865-SUR,Female,18,No,Surrey,11,1,Deal 5,Yes       ,Yes,Yes,Fiber Optic,No,Yes,No,No,No,No,No,Yes,Month-to-Month,Yes,Bank Withdrawal,79.44999694824219,145.14999389648438,0,0,57.220001220703125,202.3699951171875,Joined,Others,Others,1
47133-BRA,Female,60,Yes,Brampton,15,8,,Yes       ,No,Yes,Cable,No,No,No,No,No,No,No,Yes,Month-to-Month,No,Bank Withdrawal,44.599998474121094,122.69999694824219,0,0,46.77000045776367,169.47000122070312,Joined,Others,Others,1
47492-STJ,Female,30,Yes,St. John's,15,24,Deal 5,Yes       ,No,No,,No,No,No,No,No,No,No,No,Month-to-Month,Yes,Bank Withdrawal,20.149999618530273,20.149999618530273,0,0,18.62999916,38.779998779296875,Joined,Others,Others,1
47611-MON,Male,25,No,Montreal,4,31,,Yes       ,No,Yes,DSL,No,No,No,No,No,Yes,Yes,No,Month-to-Month,Yes,Bank Withdrawal,55.25,55.25,0,60,39.189998626708984,154.44000244140625,Joined,Others,Others,1
47624-CAL,Female,62,Yes,Calgary,7,29,,Yes       ,No,Yes,DSL,No,No,No,No,No,Yes,Yes,Yes,Month-to-Month,No,Mailed Check,-5,189.10000610351562,0,0,100.58999633789062,289.69000244140625,Joined,Others,Others,1
47737-MIS,Male,42,No,Mississauga,15,25,,Yes       ,No,No,,No,No,No,No,No,No,No,No,Month-to-Month,No,Credit Card,19.649999618530273,19.649999618530273,0,0,16.90999984741211,36.560001373291016,Joined,Others,Others,1
47957-SAS,Female,26,No,Saskatoon,4,2,Deal 5,Yes       ,No,No,,No,No,No,No,No,No,No,No,Month-to-Month,Yes,Credit Card,20.450000762939453,20.450000762939453,0,0,42.16999816894531,62.619998931884766,Joined,Others,Others,1
48018-HAL,Male,39,No,Halifax,1,14,,Yes       ,No,No,,No,No,No,No,No,No,No,No,Month-to-Month,No,Credit Card,19.549999237060547,19.549999237060547,0,0,30.62999916,50.18000030517578,Joined,Others,Others,1
48051-SAS,Female,49,Yes,Saskatoon,0,36,,No        ,No,Yes,DSL,No,No,No,No,No,No,No,Yes,One Year,No,Credit Card,25.850000381469727,25.850000381469727,0,0,0,25.850000381469727,Joined,Others,Others,1
48939-MCT,Female,38,Yes,Moncton,1,6,,Yes       ,No,Yes,DSL,No,Yes,No,No,No,No,No,Yes,Month-to-Month,No,Bank Withdrawal,49.95000076293945,49.95000076293945,0,0,44.97999954223633,94.93000030517578,Joined,Others,Others,1
49201-SAS,Female,37,No,Saskatoon,11,30,,No        ,No,Yes,DSL,Yes,No,No,No,No,No,No,Yes,Month-to-Month,No,Credit Card,29.899999618530273,29.899999618530273,0,0,0,29.899999618530273,Joined,Others,Others,1
49265-MCT,Female,18,Yes,Moncton,4,4,Deal 5,Yes       ,No,Yes,Cable,Yes,No,Yes,No,No,No,Yes,Yes,Month-to-Month,No,Credit Card,55.900001525878906,157.5500030517578,0,0,99.83999633789062,257.3900146484375,Joined,Others,Others,1
49304-VAN,Female,32,Yes,Vancouver,6,33,,Yes       ,Yes,Yes,DSL,No,No,No,No,No,No,No,Yes,Month-to-Month,Yes,Credit Card,49.79999923706055,49.79999923706055,0,0,3.9700000286102295,53.77000045776367,Joined,Others,Others,1
51214-TOR,Male,28,No,Toronto,12,22,,Yes       ,No,Yes,Fiber Optic,No,No,Yes,No,No,No,No,No,Month-to-Month,Yes,Credit Card,73.59999847,232.5,0,10,82.01999664,324.5199890136719,Joined,Others,Others,1
51597-CHA,Female,26,Yes,Charlottetown,10,18,,Yes       ,No,No,,No,No,No,No,No,No,No,No,Month-to-Month,No,Credit Card,19.899999618530273,19.899999618530273,0,0,1.5,21.399999618530273,Joined,Others,Others,1
51657-CAL,Male,54,No,Calgary,13,16,,Yes       ,No,No,,No,No,No,No,No,No,No,No,Month-to-Month,No,Credit Card,20.850000381469727,60.650001525878906,0,0,58.74000168,119.38999938964844,Joined,Others,Others,1
51751-RIC,Female,62,No,Richmond,9,25,,Yes       ,No,Yes,Fiber Optic,No,No,No,No,No,No,No,Yes,Month-to-Month,Yes,Bank Withdrawal,70.15000153,123.80000305175781,0,0,67.5,191.3000030517578,Joined,Others,Others,1
51961-MCT,Male,47,No,Moncton,9,25,Deal 5,Yes       ,No,Yes,DSL,Yes,No,No,No,No,No,No,Yes,Month-to-Month,No,Credit Card,50.95000076293945,123.05000305175781,0,0,73.91999816894531,196.97000122070312,Joined,Others,Others,1
52279-CAL,Male,53,No,Calgary,15,26,Deal 5,Yes       ,No,Yes,Fiber Optic,No,No,No,No,Yes,No,No,Yes,Month-to-Month,Yes,Bank Withdrawal,80.69999694824219,239.4499969482422,0,0,71.16000366210938,310.6099853515625,Joined,Others,Others,1
52641-YEL,Female,44,Yes,Yellowknife,7,29,,Yes       ,No,Yes,Fiber Optic,No,No,No,No,No,No,No,Yes,Month-to-Month,No,Mailed Check,71.09999847,71.09999847,0,0,37.50999832,108.61000061035156,Joined,Others,Others,1
52695-MIS,Female,52,No,Mississauga,14,34,,Yes       ,No,No,,No,No,No,No,No,No,No,No,Month-to-Month,No,Credit Card,20.350000381469727,35.099998474121094,0,0,4.920000076293945,40.02000045776367,Joined,Others,Others,1
53186-HAM,Male,74,Yes,Hamilton,10,2,Deal 5,Yes       ,No,Yes,DSL,No,No,No,No,No,No,No,Yes,One Year,No,Bank Withdrawal,45.25,45.25,0,0,11.890000343322754,57.13999938964844,Joined,Others,Others,1
53295-MON,Female,35,No,Montreal,7,33,Deal 5,Yes       ,Yes,No,,No,No,No,No,No,No,No,No,Month-to-Month,Yes,Bank Withdrawal,25.700000762939453,25.700000762939453,0,0,43.84000015258789,69.54000091552734,Joined,Others,Others,1
53350-WIN,Male,37,Yes,Winnipeg,6,22,,Yes       ,Yes,Yes,Fiber Optic,No,No,No,No,No,No,No,Yes,Month-to-Month,No,Bank Withdrawal,74.5,217.4499969482422,0,0,20.90999984741211,238.36000061035156,Joined,Others,Others,1
53449-TOR,Female,52,No,Toronto,8,17,,Yes       ,No,No,,No,No,No,No,No,No,No,No,Month-to-Month,No,Credit Card,19.899999618530273,19.899999618530273,0,0,2.380000114440918,22.280000686645508,Joined,Others,Others,1
53612-MIS,Female,39,Yes,Mississauga,8,34,,Yes       ,No,No,,No,No,No,No,No,No,No,No,Month-to-Month,No,Credit Card,20.850000381469727,72,0,0,35.310001373291016,107.30999755859375,Joined,Others,Others,1
53764-MON,Male,36,No,Montreal,10,23,,No        ,No,Yes,Cable,No,No,No,No,No,No,No,Yes,Month-to-Month,Yes,Credit Card,24.899999618530273,24.899999618530273,0,0,0,24.899999618530273,Joined,Others,Others,1
53815-MCT,Female,36,No,Moncton,2,4,,Yes       ,No,No,,No,No,No,No,No,No,No,No,Month-to-Month,No,Credit Card,19.700000762939453,19.700000762939453,0,0,34.279998779296875,53.97999954223633,Joined,Others,Others,1
54172-HAL,Female,64,Yes,Halifax,0,9,Deal 5,Yes       ,Yes,Yes,DSL,No,Yes,No,No,No,No,No,Yes,Month-to-Month,Yes,Credit Card,56.54999923706055,118.25,0,0,63.47999954223633,181.72999572753906,Joined,Others,Others,1
54195-TOR,Female,61,Yes,Toronto,11,23,,Yes       ,No,No,,No,No,No,No,No,No,No,No,Month-to-Month,No,Bank Withdrawal,19.75,19.75,0,0,37.619998931884766,57.369998931884766,Joined,Others,Others,1
54564-STJ,Female,55,Yes,St. John's,11,7,,Yes       ,Yes,Yes,Fiber Optic,No,No,No,No,No,No,No,Yes,Month-to-Month,No,Bank Withdrawal,76.09999847,257.6000061035156,0,0,43.04999923706055,300.6499938964844,Joined,Others,Others,1
54598-CAL,Male,59,No,Calgary,11,32,,Yes       ,No,No,,No,No,No,No,No,No,No,No,Month-to-Month,No,Credit Card,19.75,39.29999923706055,0,0,3.940000057220459,43.24000168,Joined,Others,Others,1
54997-MIS,Female,55,No,Mississauga,7,23,,Yes       ,No,Yes,DSL,No,No,No,No,No,No,No,Yes,Month-to-Month,Yes,Credit Card,44,44,0,0,26.149999618530273,70.15000153,Joined,Others,Others,1
55043-MIS,Male,43,Yes,Mississauga,8,17,,Yes       ,No,Yes,Fiber Optic,No,No,No,No,No,No,No,No,Month-to-Month,Yes,Bank Withdrawal,69.90000153,69.90000153,0,10,9.359999656677246,89.26000213623047,Joined,Others,Others,1
55757-VAN,Female,32,Yes,Vancouver,2,9,Deal 5,Yes       ,No,Yes,Cable,No,No,Yes,Yes,No,No,No,Yes,Month-to-Month,Yes,Mailed Check,55.79999923706055,154.5500030517578,0,0,12.569999694824219,167.1199951171875,Joined,Others,Others,1
55831-CAL,Male,43,No,Calgary,11,13,Deal 5,Yes       ,No,No,,No,No,No,No,No,No,No,No,Month-to-Month,No,Mailed Check,19.950000762939453,58.29999923706055,0,0,15.449999809265137,73.75,Joined,Others,Others,1
56256-MIS,Male,40,No,Mississauga,14,15,,Yes       ,No,Yes,Fiber Optic,No,No,No,No,No,No,No,Yes,Month-to-Month,Yes,Credit Card,70.30000305175781,220.39999389648438,0,0,29.219999313354492,249.6199951171875,Joined,Others,Others,1
56460-TOR,Male,38,Yes,Toronto,12,23,Deal 5,Yes       ,No,Yes,Fiber Optic,No,No,No,No,No,No,No,No,Month-to-Month,No,Credit Card,-1,129.1999969482422,0,10,5.440000057220459,144.63999938964844,Joined,Others,Others,1
56554-HAL,Female,29,Yes,Halifax,0,11,Deal 5,Yes       ,No,No,,No,No,No,No,No,No,No,No,Month-to-Month,Yes,Credit Card,19.75,19.75,0,0,10.220000267028809,29.969999313354492,Joined,Others,Others,1
56728-HAL,Male,40,No,Halifax,0,1,,Yes       ,No,Yes,DSL,No,No,No,No,No,No,No,Yes,Month-to-Month,No,Credit Card,45.599998474121094,45.599998474121094,0,0,37.439998626708984,83.04000091552734,Joined,Others,Others,1
57012-CAL,Female,78,Yes,Calgary,11,29,Deal 5,Yes       ,No,Yes,DSL,No,No,No,No,No,No,No,Yes,Two Year,No,Bank Withdrawal,45.20000076293945,45.20000076293945,0,0,49.34000015258789,94.54000091552734,Joined,Others,Others,1
57256-MCT,Female,18,No,Moncton,9,7,,Yes       ,No,No,,No,No,No,No,No,No,No,No,Month-to-Month,No,Credit Card,19.850000381469727,57.20000076293945,0,0,9.359999656677246,66.55999755859375,Joined,Others,Others,1
57457-CHA,Female,46,No,Charlottetown,14,34,,Yes       ,No,No,,No,No,No,No,No,No,No,No,Month-to-Month,No,Mailed Check,20,38,0,0,68.76000213623047,106.76000213623047,Joined,Others,Others,1
58044-VAN,Female,31,No,Vancouver,5,13,Deal 5,Yes       ,No,No,,No,No,No,No,No,No,No,No,Month-to-Month,No,Credit Card,20.350000381469727,41.849998474121094,0,0,10.84000015258789,52.689998626708984,Joined,Others,Others,1
58577-BRA,Female,44,Yes,Brampton,7,36,Deal 5,Yes       ,No,Yes,DSL,No,No,No,No,No,No,No,Yes,Month-to-Month,Yes,Credit Card,45.849998474121094,105.5999984741211,0,0,10.93999958,116.54000091552734,Joined,Others,Others,1
58848-SUR,Male,58,Yes,Surrey,14,18,,Yes       ,No,Yes,Cable,Yes,No,No,No,No,No,No,Yes,Month-to-Month,Yes,Credit Card,49.79999923706055,49.79999923706055,0,0,38.209999084472656,88.01000213623047,Joined,Others,Others,1
58974-CHA,Male,34,No,Charlottetown,11,14,,Yes       ,No,No,,No,No,No,No,No,No,No,No,Month-to-Month,No,Credit Card,20.299999237060547,41.20000076293945,0,0,25.360000610351562,66.55999755859375,Joined,Others,Others,1
59750-STJ,Female,49,Yes,St. John's,11,4,,Yes       ,Yes,Yes,Fiber Optic,No,No,No,No,No,No,No,Yes,Month-to-Month,Yes,Credit Card,74.90000153,136.0500030517578,0,0,82.16000366210938,218.2100067138672,Joined,Others,Others,1
61025-TOR,Female,45,No,Toronto,4,16,Deal 5,Yes       ,No,Yes,DSL,No,No,Yes,No,No,No,No,Yes,Month-to-Month,Yes,Bank Withdrawal,49.849998474121094,49.849998474121094,0,0,42.54999923706055,92.40000153,Joined,Others,Others,1
61203-SUR,Female,19,No,Surrey,11,11,,Yes       ,Yes,Yes,Cable,No,No,No,Yes,Yes,No,No,Yes,Month-to-Month,No,Bank Withdrawal,64.59999847,174.1999969482422,0,0,122.97000122070312,297.1700134277344,Joined,Others,Others,1
61331-WIN,Male,36,Yes,Windsor,2,10,Deal 5,Yes       ,No,Yes,DSL,Yes,No,No,No,No,No,No,Yes,Month-to-Month,Yes,Credit Card,50.75,50.75,0,0,45.77000045776367,96.51999664,Joined,Others,Others,1
61474-WIN,Male,52,Yes,Winnipeg,11,17,,Yes       ,No,No,,No,No,No,No,No,No,No,No,Month-to-Month,No,Credit Card,20.350000381469727,20.350000381469727,0,0,31.969999313354492,52.31999969482422,Joined,Others,Others,1
62359-STJ,Female,48,Yes,St. John's,5,24,Deal 5,No        ,No,Yes,Cable,No,Yes,No,Yes,No,No,No,No,Month-to-Month,No,Credit Card,33.599998474121094,33.599998474121094,0,50,0,83.59999847,Joined,Others,Others,1
62497-MCT,Female,20,No,Moncton,0,2,Deal 5,Yes       ,No,No,,No,No,No,No,No,No,No,No,Month-to-Month,Yes,Credit Card,20.75,67.09999847,0,0,49.16999816894531,116.2699966430664,Joined,Others,Others,1
62535-STJ,Male,42,No,St. John's,8,22,Deal 5,Yes       ,No,Yes,Cable,No,No,No,Yes,Yes,Yes,Yes,Yes,Month-to-Month,No,Credit Card,70.69999694824219,225.64999389648438,0,0,75.12000274658203,300.7699890136719,Joined,Others,Others,1
62842-HAM,Male,33,Yes,Hamilton,11,25,,Yes       ,No,No,,No,No,No,No,No,No,No,No,Month-to-Month,No,Credit Card,19.299999237060547,44.400001525878906,0,0,99.81999969482422,144.22000122070312,Joined,Others,Others,1
62968-MIS,Female,18,No,Mississauga,4,3,,Yes       ,No,Yes,Cable,No,No,No,Yes,No,Yes,Yes,Yes,Month-to-Month,Yes,Credit Card,59.54999923706055,59.54999923706055,0,0,41.38999938964844,100.94000244140625,Joined,Others,Others,1
63464-STJ,Male,48,No,St. John's,7,5,,Yes       ,No,Yes,DSL,No,No,No,Yes,No,Yes,Yes,Yes,Month-to-Month,No,Credit Card,60.650001525878906,196.89999389648438,0,0,67.47000122070312,264.3699951171875,Joined,Others,Others,1
63487-TOR,Female,36,Yes,Toronto,8,34,,Yes       ,No,Yes,Cable,No,No,No,No,No,No,No,Yes,Month-to-Month,No,Credit Card,44.75,44.75,0,0,40.869998931884766,85.62000274658203,Joined,Others,Others,1
63883-VAN,Female,33,Yes,Vancouver,12,26,,Yes       ,No,No,,No,No,No,No,No,No,No,No,Month-to-Month,Yes,Mailed Check,20.450000762939453,42.45000076293945,0,0,94.37999725341797,136.8300018310547,Joined,Others,Others,1
64095-MCT,Male,27,No,Moncton,2,17,,Yes       ,No,No,,No,No,No,No,No,No,No,No,One Year,Yes,Bank Withdrawal,-3,20.200000762939453,0,0,44.689998626708984,64.88999938964844,Joined,Others,Others,1
64327-STJ,Female,59,Yes,St. John's,8,9,,Yes       ,No,No,,No,No,No,No,No,No,No,No,Month-to-Month,Yes,Credit Card,20.649999618530273,20.649999618530273,0,0,35.24000168,55.88999938964844,Joined,Others,Others,1
65405-TOR,Female,65,Yes,Toronto,7,18,,Yes       ,No,No,,No,No,No,No,No,No,No,No,One Year,No,Mailed Check,20.25,71.19999694824219,0,0,4.409999847412109,75.61000061035156,Joined,Others,Others,1
65531-TOR,Female,55,No,Toronto,10,22,,Yes       ,No,No,,No,No,No,No,No,No,No,No,Month-to-Month,No,Credit Card,19.799999237060547,19.799999237060547,0,0,11.960000038146973,31.760000228881836,Joined,Others,Others,1
65580-MIS,Male,54,No,Mississauga,6,2,,Yes       ,No,No,,No,No,No,No,No,No,No,No,Month-to-Month,Yes,Credit Card,19.100000381469727,53.04999923706055,0,0,48.959999084472656,102.01000213623047,Joined,Others,Others,1
65987-CAL,Male,52,Yes,Calgary,9,34,Deal 5,Yes       ,Yes,Yes,DSL,Yes,Yes,No,No,No,No,No,Yes,Month-to-Month,No,Bank Withdrawal,61.150001525878906,61.150001525878906,0,0,17.06999969482422,78.22000122070312,Joined,Others,Others,1
66164-WHI,Female,62,No,Whitehorse,13,20,,Yes       ,No,No,,No,No,No,No,No,No,No,No,Month-to-Month,No,Credit Card,19.399999618530273,61.04999923706055,0,0,13.300000190734863,74.34999847,Joined,Others,Others,1
66413-CAL,Female,53,No,Calgary,12,4,,Yes       ,No,Yes,Fiber Optic,No,No,No,No,Yes,No,No,No,Month-to-Month,Yes,Bank Withdrawal,80.5,232.35000610351562,0,0,80.58000183105469,312.92999267578125,Joined,Others,Others,1
66612-VAN,Female,58,Yes,Vancouver,11,18,,Yes       ,No,No,,No,No,No,No,No,No,No,No,Month-to-Month,No,Credit Card,19.950000762939453,58,0,0,8.069999694824219,66.06999969482422,Joined,Others,Others,1
66669-HAM,Male,44,No,Hamilton,12,32,Deal 5,Yes       ,No,Yes,Cable,No,No,No,No,No,No,No,Yes,Month-to-Month,Yes,Bank Withdrawal,44.04999923706055,44.04999923706055,0,0,30.729999542236328,74.77999877929688,Joined,Others,Others,1
66712-SAS,Female,47,Yes,Saskatoon,6,33,Deal 5,Yes       ,No,Yes,Fiber Optic,No,Yes,No,No,No,Yes,Yes,Yes,Month-to-Month,No,Bank Withdrawal,84.30000305175781,235.0500030517578,0,0,41.15999984741211,276.2099914550781,Joined,Others,Others,1
66749-RIC,Female,47,No,Richmond,9,5,,Yes       ,No,No,,No,No,No,No,No,No,No,No,Month-to-Month,No,Credit Card,20.75,20.75,0,0,36.279998779296875,57.029998779296875,Joined,Others,Others,1
66766-MIS,Female,38,No,Mississauga,6,10,Deal 5,Yes       ,Yes,Yes,Fiber Optic,No,No,No,No,No,No,No,Yes,Month-to-Month,Yes,Bank Withdrawal,74.94999694824219,212.39999389648438,27.600000381469727,0,4.920000076293945,189.72000122070312,Joined,Others,Others,1
66868-HAM,Female,25,Yes,Hamilton,13,10,,Yes       ,No,Yes,Fiber Optic,No,No,No,No,No,No,No,No,Month-to-Month,Yes,Bank Withdrawal,70.25,70.25,0,10,10.050000190734863,90.30000305175781,Joined,Others,Others,1
67752-TOR,Female,28,No,Toronto,0,24,,Yes       ,No,Yes,Cable,No,No,No,No,No,No,No,Yes,Month-to-Month,No,Credit Card,45.29999923706055,45.29999923706055,0,0,47.36000061035156,92.66000366210938,Joined,Others,Others,1
67882-MIS,Female,44,No,Mississauga,3,16,Deal 5,Yes       ,No,Yes,DSL,No,No,No,No,No,No,No,Yes,Month-to-Month,No,Bank Withdrawal,43.79999923706055,43.79999923706055,0,0,37.5,81.30000305175781,Joined,Others,Others,1
67941-SUR,Female,46,No,Surrey,9,13,Deal 5,Yes       ,Yes,Yes,DSL,No,Yes,No,No,No,No,No,No,Month-to-Month,No,Credit Card,54.150001525878906,101.6500015258789,0,10,42.599998474121094,154.25,Joined,Others,Others,1
67994-CHA,Male,75,Yes,Charlottetown,12,33,Deal 5,Yes       ,No,Yes,DSL,No,No,No,No,No,No,No,Yes,Two Year,No,Bank Withdrawal,46.29999923706055,46.29999923706055,0,0,11.510000228881836,57.810001373291016,Joined,Others,Others,1
68556-TOR,Male,68,No,Toronto,4,23,,Yes       ,No,No,,No,No,No,No,No,No,No,No,Month-to-Month,No,Credit Card,20.200000762939453,20.200000762939453,0,0,13.079999923706055,33.279998779296875,Joined,Others,Others,1
68826-TOR,Male,48,No,Toronto,14,1,,No        ,No,Yes,Cable,No,No,No,No,No,No,No,No,Month-to-Month,Yes,Bank Withdrawal,24.700000762939453,24.700000762939453,0,0,0,24.700000762939453,Joined,Others,Others,1
71197-SUR,Female,38,No,Surrey,0,33,Deal 5,Yes       ,No,Yes,Cable,Yes,No,Yes,No,Yes,Yes,Yes,Yes,Month-to-Month,Yes,Bank Withdrawal,77.40000153,206.14999389648438,0,0,133.25999450683594,339.4100036621094,Joined,Others,Others,1
71210-MON,Female,58,No,Montreal,15,28,,Yes       ,No,No,,No,No,No,No,No,No,No,No,Month-to-Month,No,Credit Card,19.850000381469727,19.850000381469727,0,0,29.100000381469727,48.95000076293945,Joined,Others,Others,1
71234-HAM,Female,44,No,Hamilton,10,34,,Yes       ,No,No,,No,No,No,No,No,No,No,No,Month-to-Month,Yes,Credit Card,19.399999618530273,19.399999618530273,0,0,23.969999313354492,43.369998931884766,Joined,Others,Others,1
71261-CAL,Female,59,No,Calgary,2,27,,Yes       ,No,Yes,Cable,Yes,Yes,No,Yes,No,Yes,Yes,Yes,Month-to-Month,Yes,Bank Withdrawal,70.44999694824219,70.44999694824219,0,0,20.100000381469727,90.55000305175781,Joined,Others,Others,1
71509-HAM,Female,40,No,Hamilton,3,27,,Yes       ,No,Yes,DSL,No,No,No,No,Yes,No,No,Yes,Month-to-Month,Yes,Bank Withdrawal,54.650001525878906,54.650001525878906,0,0,36.33000183105469,90.98000336,Joined,Others,Others,1
71564-VAN,Female,48,No,Vancouver,6,5,,Yes       ,No,No,,No,No,No,No,No,No,No,No,Month-to-Month,No,Credit Card,19.049999237060547,19.049999237060547,0,0,5.019999980926514,24.06999969482422,Joined,Others,Others,1
71689-SUR,Female,42,Yes,Surrey,3,19,,Yes       ,No,Yes,DSL,No,No,No,No,No,No,No,Yes,Month-to-Month,No,Credit Card,43.95000076293945,43.95000076293945,0,0,45.59000015258789,89.54000091552734,Joined,Others,Others,1
71752-WIN,Female,51,No,Winnipeg,4,2,Deal 5,Yes       ,No,No,,No,No,No,No,No,No,No,No,Month-to-Month,No,Bank Withdrawal,19.899999618530273,57.400001525878906,0,0,53.79999923706055,111.19999694824219,Joined,Others,Others,1
72275-SAS,Female,45,Yes,Saskatoon,8,4,,Yes       ,No,No,,No,No,No,No,No,No,No,No,One Year,No,Credit Card,19.950000762939453,47.70000076293945,0,0,62.900001525878906,110.5999984741211,Joined,Others,Others,1
72357-CHA,Female,53,No,Charlottetown,14,12,Deal 5,Yes       ,No,Yes,DSL,No,No,No,No,No,No,No,Yes,Month-to-Month,Yes,Credit Card,44.29999923706055,44.29999923706055,0,0,42.95000076293945,87.25,Joined,Others,Others,1
72391-MIS,Male,35,No,Mississauga,1,7,,No        ,No,Yes,DSL,No,No,No,No,No,Yes,Yes,Yes,Month-to-Month,No,Bank Withdrawal,35,35,0,0,0,35,Joined,Others,Others,1
72469-CHA,Male,56,No,Charlottetown,9,9,,Yes       ,No,Yes,Cable,Yes,No,Yes,No,No,No,No,Yes,Month-to-Month,No,Credit Card,55.70000076293945,55.70000076293945,0,0,17.68000030517578,73.37999725341797,Joined,Others,Others,1
72971-CAL,Female,81,No,Calgary,6,8,,Yes       ,No,Yes,Fiber Optic,No,No,No,Yes,No,No,No,Yes,One Year,No,Bank Withdrawal,74.69999694824219,74.69999694824219,0,0,27.649999618530273,102.3499984741211,Joined,Others,Others,1
73044-VAN,Male,23,Yes,Vancouver,15,5,,Yes       ,No,Yes,Fiber Optic,No,Yes,No,No,No,No,No,Yes,Month-to-Month,No,Credit Card,74.59999847,74.59999847,0,0,42.99000168,117.58999633789062,Joined,Others,Others,1
73108-SAS,Female,38,Yes,Saskatoon,6,12,,Yes       ,No,No,,No,No,No,No,No,No,No,No,Month-to-Month,No,Credit Card,20.25,36.79999923706055,0,0,31.65999984741211,68.45999908447266,Joined,Others,Others,1
73547-VAN,Female,43,Yes,Vancouver,13,16,,Yes       ,Yes,Yes,Fiber Optic,No,No,No,No,Yes,No,No,Yes,Month-to-Month,Yes,Bank Withdrawal,84.05000305175781,134.0500030517578,0,0,44.459999084472656,178.50999450683594,Joined,Others,Others,1
74033-THU,Female,45,Yes,Thunder Bay,15,20,,No        ,No,Yes,Cable,No,No,No,No,No,No,No,Yes,Month-to-Month,No,Bank Withdrawal,25.25,25.25,0,0,0,25.25,Joined,Others,Others,1
74378-VAN,Female,37,Yes,Vancouver,12,30,,Yes       ,No,Yes,DSL,Yes,No,No,Yes,No,No,No,Yes,Month-to-Month,Yes,Credit Card,54.45000076293945,87.30000305175781,0,0,39.74000168,127.04000091552734,Joined,Others,Others,1
74518-BRA,Female,27,No,Brampton,13,13,Deal 5,Yes       ,No,Yes,DSL,No,No,No,No,No,No,No,Yes,Month-to-Month,No,Bank Withdrawal,44.45000076293945,82.69999694824219,0,0,37.400001525878906,120.0999984741211,Joined,Others,Others,1
74651-MON,Female,30,Yes,Montreal,7,23,,No        ,No,Yes,DSL,No,Yes,No,No,No,No,No,Yes,Month-to-Month,No,Credit Card,29.200000762939453,98.5,0,0,0,98.5,Joined,Others,Others,1
74804-MON,Female,46,No,Montreal,0,5,,Yes       ,No,Yes,Fiber Optic,No,No,No,No,No,No,No,No,Month-to-Month,Yes,Credit Card,69.59999847,207.39999389648438,0,20,86.91000366210938,314.30999755859375,Joined,Others,Others,1
74978-TOR,Female,28,Yes,Toronto,1,21,,Yes       ,No,No,,No,No,No,No,No,No,No,No,Month-to-Month,No,Bank Withdrawal,19.75,19.75,0,0,30.37999916,50.130001068115234,Joined,Others,Others,1
74979-CHA,Female,49,Yes,Charlottetown,10,14,Deal 5,No        ,No,Yes,Cable,No,No,No,Yes,No,No,No,Yes,Month-to-Month,No,Bank Withdrawal,29.049999237060547,44.75,0,0,0,44.75,Joined,Others,Others,1
75058-WIN,Female,59,No,Winnipeg,6,14,,Yes       ,No,Yes,DSL,No,No,Yes,Yes,Yes,Yes,Yes,Yes,One Year,No,Credit Card,74.09999847,74.09999847,0,0,36.04999923706055,110.1500015258789,Joined,Others,Others,1
75671-REG,Female,34,Yes,Regina,8,13,,Yes       ,No,Yes,Cable,No,No,No,No,No,No,No,Yes,Month-to-Month,Yes,Bank Withdrawal,45.400001525878906,80.94999694824219,0,0,21.62000084,102.56999969482422,Joined,Others,Others,1
75802-TOR,Female,61,No,Toronto,4,3,,Yes       ,No,No,,No,No,No,No,No,No,No,No,Month-to-Month,No,Credit Card,20.049999237060547,20.049999237060547,0,0,13.510000228881836,33.560001373291016,Joined,Others,Others,1
76419-VAN,Male,46,Yes,Vancouver,14,28,,Yes       ,Yes,Yes,Fiber Optic,No,No,No,No,Yes,Yes,Yes,Yes,Month-to-Month,No,Bank Withdrawal,94.90000153,273.20001220703125,0,0,8.909999847,282.1099853515625,Joined,Others,Others,1
77137-TOR,Male,52,No,Toronto,1,8,Deal 5,Yes       ,No,Yes,DSL,No,No,No,No,No,No,No,Yes,Month-to-Month,Yes,Mailed Check,45.54999923706055,45.54999923706055,0,0,16.34000015258789,61.88999938964844,Joined,Others,Others,1
77230-HAL,Female,59,Yes,Halifax,5,4,,Yes       ,No,No,,No,No,No,No,No,No,No,No,Month-to-Month,Yes,Bank Withdrawal,19.649999618530273,31.200000762939453,0,0,15.600000381469727,46.79999923706055,Joined,Others,Others,1
77311-CHA,Male,47,Yes,Charlottetown,9,19,Deal 5,Yes       ,No,No,,No,No,No,No,No,No,No,No,Month-to-Month,No,Credit Card,20.25,20.25,0,0,40.459999084472656,60.709999084472656,Joined,Others,Others,1
77658-STJ,Male,44,No,St. John's,0,4,Deal 5,No        ,No,Yes,DSL,No,No,No,No,No,No,No,Yes,Month-to-Month,Yes,Bank Withdrawal,24.399999618530273,24.399999618530273,0,0,0,24.399999618530273,Joined,Others,Others,1
77678-YEL,Female,41,Yes,Yellowknife,1,29,,Yes       ,No,Yes,DSL,Yes,No,No,No,No,No,No,Yes,Month-to-Month,No,Bank Withdrawal,49.54999923706055,49.54999923706055,0,0,10.829999923706055,60.380001068115234,Joined,Others,Others,1
77688-CAL,Male,35,No,Calgary,4,13,,Yes       ,No,Yes,DSL,No,No,No,Yes,No,No,No,Yes,Month-to-Month,No,Credit Card,49,49,0,0,49.189998626708984,98.19000244140625,Joined,Others,Others,1
78021-MIS,Female,45,Yes,Mississauga,12,35,Deal 5,Yes       ,Yes,No,,No,No,No,No,No,No,No,No,Month-to-Month,Yes,Credit Card,25,25,0,0,3.390000104904175,28.389999389648438,Joined,Others,Others,1
78220-CAL,Female,21,Yes,Calgary,14,10,,Yes       ,No,Yes,Fiber Optic,No,No,Yes,Yes,Yes,No,Yes,Yes,Month-to-Month,Yes,Credit Card,89.84999847,244.4499969482422,0,0,75.30000305175781,319.75,Joined,Others,Others,1
78253-SAS,Male,63,No,Saskatoon,13,30,,Yes       ,No,Yes,Fiber Optic,No,Yes,No,No,No,Yes,Yes,Yes,Month-to-Month,Yes,Bank Withdrawal,85,85,0,0,15.199999809265137,100.19999694824219,Joined,Others,Others,1
78885-CAL,Female,43,No,Calgary,2,5,Deal 5,Yes       ,No,No,,No,No,No,No,No,No,No,No,Month-to-Month,No,Credit Card,19.5,19.5,0,0,20.110000610351562,39.61000061035156,Joined,Others,Others,1
78918-MCT,Female,59,No,Moncton,12,11,Deal 5,Yes       ,No,Yes,Fiber Optic,Yes,No,No,No,No,Yes,Yes,Yes,Month-to-Month,Yes,Credit Card,86.05000305175781,244.85000610351562,0,0,54.779998779296875,299.6300048828125,Joined,Others,Others,1
78978-MIS,Male,54,No,Mississauga,0,13,Deal 5,Yes       ,No,No,,No,No,No,No,No,No,No,No,Month-to-Month,No,Credit Card,19.299999237060547,19.299999237060547,0,0,16.360000610351562,35.65999984741211,Joined,Others,Others,1
79168-MIS,Female,78,No,Mississauga,2,10,Deal 5,Yes       ,No,Yes,Cable,No,No,No,No,No,No,No,Yes,One Year,Yes,Bank Withdrawal,44.29999923706055,89.30000305175781,0,0,47.81999969482422,137.1199951171875,Joined,Others,Others,1
79342-VAN,Female,39,Yes,Vancouver,5,22,,Yes       ,No,Yes,DSL,Yes,No,No,Yes,Yes,No,No,Yes,Month-to-Month,Yes,Credit Card,64.40000153,195.64999389648438,0,0,114.1500015258789,309.79998779296875,Joined,Others,Others,1
79427-VAN,Male,67,Yes,Vancouver,12,21,Deal 5,Yes       ,No,Yes,Fiber Optic,No,No,No,No,No,No,No,Yes,Month-to-Month,No,Bank Withdrawal,70.09999847,141.64999389648438,0,0,69.98000336,211.6300048828125,Joined,Others,Others,1
79700-RIC,Female,53,No,Richmond,5,30,,Yes       ,Yes,Yes,Fiber Optic,No,Yes,Yes,No,Yes,Yes,Yes,Yes,Month-to-Month,No,Mailed Check,107.94999694824219,313.6000061035156,0,0,142.5,456.1000061035156,Joined,Others,Others,1
79777-TOR,Male,77,Yes,Toronto,13,33,,Yes       ,Yes,Yes,Fiber Optic,No,No,No,No,No,No,No,Yes,Month-to-Month,Yes,Mailed Check,72.59999847,154.3000030517578,0,0,30.37999916,184.67999267578125,Joined,Others,Others,1
79905-MIS,Female,24,No,Mississauga,0,12,,Yes       ,No,No,,No,No,No,No,No,No,No,No,Month-to-Month,No,Credit Card,20.450000762939453,20.450000762939453,0,0,30.09000015258789,50.540000915527344,Joined,Others,Others,1
81098-SAS,Male,31,Yes,Saskatoon,13,11,,Yes       ,No,Yes,DSL,Yes,No,No,No,No,No,No,Yes,Month-to-Month,No,Credit Card,51.25,51.25,0,0,39.29999923706055,90.55000305175781,Joined,Others,Others,1
81118-CHA,Female,31,No,Charlottetown,1,13,,Yes       ,No,Yes,Cable,No,No,No,No,No,No,No,Yes,Month-to-Month,Yes,Credit Card,45.79999923706055,45.79999923706055,0,0,13.619999885559082,59.41999816894531,Joined,Others,Others,1
81169-WIN,Female,62,Yes,Winnipeg,4,2,,Yes       ,No,No,,No,No,No,No,No,No,No,No,Month-to-Month,No,Bank Withdrawal,18.850000381469727,18.850000381469727,0,0,7.800000190734863,26.649999618530273,Joined,Others,Others,1
81235-YEL,Female,42,Yes,Yellowknife,9,32,Deal 5,Yes       ,No,Yes,DSL,No,No,No,No,No,No,No,Yes,Month-to-Month,Yes,Credit Card,44.900001525878906,44.900001525878906,0,0,15.760000228881836,60.65999984741211,Joined,Others,Others,1
81763-OTT,Male,36,Yes,Ottawa,7,7,,Yes       ,No,Yes,Fiber Optic,Yes,No,Yes,No,No,No,No,Yes,Month-to-Month,Yes,Bank Withdrawal,80.44999694824219,137.10000610351562,0,0,70.81999969482422,207.9199981689453,Joined,Others,Others,1
82010-MON,Female,46,No,Montreal,14,7,Deal 5,Yes       ,Yes,Yes,Fiber Optic,No,Yes,No,No,No,No,No,Yes,Month-to-Month,No,Bank Withdrawal,79.55000305175781,151.75,0,0,51.119998931884766,202.8699951171875,Joined,Others,Others,1
82118-KEL,Female,69,Yes,Kelowna,3,6,Deal 5,No        ,No,Yes,Cable,No,No,No,No,No,No,No,Yes,Month-to-Month,No,Mailed Check,24.200000762939453,24.200000762939453,0,0,0,24.200000762939453,Joined,Others,Others,1
82129-YEL,Female,26,No,Yellowknife,9,8,Deal 5,Yes       ,No,Yes,DSL,No,Yes,No,No,Yes,No,No,Yes,Month-to-Month,Yes,Credit Card,58.70000076293945,168.60000610351562,0,0,34.40999984741211,203.00999450683594,Joined,Others,Others,1
82170-CAL,Male,41,No,Calgary,5,29,,Yes       ,No,Yes,DSL,No,No,No,No,No,No,No,Yes,Month-to-Month,No,Mailed Check,44.599998474121094,44.599998474121094,0,0,45.279998779296875,89.87999725341797,Joined,Others,Others,1
82427-TOR,Male,36,No,Toronto,15,28,Deal 5,Yes       ,No,No,,No,No,No,No,No,No,No,No,Month-to-Month,No,Credit Card,19.549999237060547,19.549999237060547,0,0,17.940000534057617,37.49000168,Joined,Others,Others,1
82473-STJ,Male,63,Yes,St. John's,10,1,Deal 5,No        ,No,Yes,DSL,No,Yes,No,No,No,No,No,Yes,Month-to-Month,No,Credit Card,29.799999237060547,94.40000153,0,0,0,94.40000153,Joined,Others,Others,1
82559-WHI,Male,34,Yes,Whitehorse,0,33,Deal 5,Yes       ,No,Yes,DSL,No,Yes,No,Yes,No,Yes,Yes,No,Month-to-Month,Yes,Credit Card,64.19999694824219,143.64999389648438,0,30,8.819999694824219,182.47000122070312,Joined,Others,Others,1
82718-CAL,Male,32,Yes,Calgary,12,7,,Yes       ,No,No,,No,No,No,No,No,No,No,No,Month-to-Month,No,Bank Withdrawal,20.700000762939453,20.700000762939453,0,0,45.86000061035156,66.55999755859375,Joined,Others,Others,1
82965-WIN,Female,38,No,Winnipeg,8,20,,Yes       ,No,Yes,Cable,No,No,No,No,No,No,No,No,Month-to-Month,No,Credit Card,44.75,148.0500030517578,0,10,104.66999816894531,262.7200012207031,Joined,Others,Others,1
83050-SUR,Female,25,Yes,Surrey,7,20,,Yes       ,No,No,,No,No,No,No,No,No,No,No,One Year,No,Credit Card,20.450000762939453,34.79999923706055,0,0,92,126.80000305175781,Joined,Others,Others,1
83080-HAM,Female,54,No,Hamilton,9,4,,Yes       ,No,Yes,Fiber Optic,No,No,No,No,No,No,No,Yes,Month-to-Month,Yes,Bank Withdrawal,70.15000153,194.1999969482422,0,0,16.889999389648438,211.08999633789062,Joined,Others,Others,1
83113-SAS,Male,35,No,Saskatoon,8,30,,No        ,No,Yes,DSL,No,No,No,Yes,No,No,No,Yes,Month-to-Month,No,Credit Card,29.149999618530273,29.149999618530273,0,0,0,29.149999618530273,Joined,Others,Others,1
83196-MIS,Female,61,Yes,Mississauga,3,10,,Yes       ,Yes,Yes,Fiber Optic,Yes,No,No,No,No,No,No,Yes,Month-to-Month,No,Credit Card,80.55000305175781,188.10000610351562,0,0,10.600000381469727,198.6999969482422,Joined,Others,Others,1
83308-CAL,Male,40,No,Calgary,5,14,,No        ,No,Yes,DSL,No,Yes,No,No,No,No,No,Yes,Month-to-Month,No,Mailed Check,29.649999618530273,90.05000305175781,0,0,0,90.05000305175781,Joined,Others,Others,1
83440-SAS,Male,53,No,Saskatoon,4,14,,Yes       ,No,No,,No,No,No,No,No,No,No,No,Month-to-Month,No,Bank Withdrawal,20,49.650001525878906,0,0,93.18000030517578,142.8300018310547,Joined,Others,Others,1
83486-TOR,Male,34,No,Toronto,5,4,Deal 5,Yes       ,No,Yes,Fiber Optic,No,No,Yes,No,No,No,No,Yes,Month-to-Month,No,Credit Card,75.34999847,75.34999847,0,0,38.88999938964844,114.23999786376953,Joined,Others,Others,1
83736-MIS,Male,43,Yes,Mississauga,1,25,,Yes       ,No,Yes,DSL,No,No,No,No,No,No,No,Yes,Month-to-Month,No,Credit Card,45.349998474121094,45.349998474121094,0,0,12.460000038146973,57.810001373291016,Joined,Others,Others,1
83817-MIS,Male,48,No,Mississauga,8,18,,Yes       ,No,No,,No,No,No,No,No,No,No,No,Month-to-Month,Yes,Mailed Check,21.049999237060547,21.049999237060547,0,0,10.140000343322754,31.190000534057617,Joined,Others,Others,1
83939-STJ,Female,42,No,St. John's,8,27,,Yes       ,No,No,,No,No,No,No,No,No,No,No,Month-to-Month,No,Bank Withdrawal,20.100000381469727,43.150001525878906,0,0,65.72000122070312,108.87000274658203,Joined,Others,Others,1
83994-OTT,Male,48,Yes,Ottawa,8,24,,Yes       ,No,Yes,Fiber Optic,No,No,No,No,Yes,Yes,Yes,Yes,Month-to-Month,No,Credit Card,90.69999694824219,237.64999389648438,0,0,16.170000076293945,253.82000732421875,Joined,Others,Others,1
84508-CAL,Female,28,Yes,Calgary,11,28,,Yes       ,No,No,,No,No,No,No,No,No,No,No,Month-to-Month,No,Credit Card,21.100000381469727,21.100000381469727,0,0,18.809999465942383,39.90999984741211,Joined,Others,Others,1
84535-CAL,Male,46,No,Calgary,2,36,,Yes       ,No,No,,No,No,No,No,No,No,No,No,Month-to-Month,No,Mailed Check,20.399999618530273,42.900001525878906,0,0,99.05999755859375,141.9600067138672,Joined,Others,Others,1
84577-WIN,Female,59,Yes,Winnipeg,11,29,,Yes       ,No,Yes,Cable,No,Yes,No,No,Yes,No,No,Yes,Month-to-Month,Yes,Bank Withdrawal,59,114.1500015258789,0,0,54.040000915527344,168.19000244140625,Joined,Others,Others,1
84613-MCT,Female,30,No,Moncton,8,22,Deal 5,Yes       ,Yes,Yes,Fiber Optic,No,Yes,No,No,No,No,No,No,Month-to-Month,Yes,Credit Card,79.15000153,79.15000153,0,60,18,157.14999389648438,Joined,Others,Others,1
84687-SUR,Female,31,No,Surrey,0,18,Deal 5,No        ,No,Yes,Cable,No,No,No,No,No,No,No,No,Month-to-Month,No,Credit Card,24.700000762939453,24.700000762939453,0,70,0,94.69999694824219,Joined,Others,Others,1
84720-SAS,Male,55,Yes,Saskatoon,11,6,,Yes       ,No,No,,No,No,No,No,No,No,No,No,Month-to-Month,No,Credit Card,19.200000762939453,19.200000762939453,0,0,32.779998779296875,51.97999954223633,Joined,Others,Others,1
84770-MIS,Female,38,Yes,Mississauga,2,21,,Yes       ,No,No,,No,No,No,No,No,No,No,No,Month-to-Month,No,Mailed Check,20.149999618530273,20.149999618530273,0,0,27.59000015258789,47.74000168,Joined,Others,Others,1
84789-SUR,Male,46,No,Surrey,9,19,Deal 5,Yes       ,No,Yes,Fiber Optic,No,Yes,Yes,Yes,Yes,Yes,Yes,Yes,Month-to-Month,Yes,Bank Withdrawal,107.94999694824219,318.6000061035156,0,0,37.97999954223633,356.5799865722656,Joined,Others,Others,1
84843-CHA,Female,57,Yes,Charlottetown,11,8,,Yes       ,Yes,Yes,Fiber Optic,No,No,No,No,No,No,No,Yes,Month-to-Month,Yes,Bank Withdrawal,75.09999847,75.09999847,0,0,4.53000021,79.62999725341797,Joined,Others,Others,1
85027-VAN,Male,57,No,Vancouver,14,27,Deal 5,Yes       ,No,No,,No,No,No,No,No,No,No,No,Month-to-Month,Yes,Credit Card,19.75,19.75,0,0,1.6100000143051147,21.360000610351562,Joined,Others,Others,1
85031-HAL,Female,60,No,Halifax,1,4,Deal 5,Yes       ,No,Yes,DSL,No,No,No,No,No,No,No,Yes,Month-to-Month,No,Bank Withdrawal,44,44,0,0,13.399999618530273,57.400001525878906,Joined,Others,Others,1
85428-HAM,Female,62,Yes,Hamilton,11,18,,Yes       ,No,No,,No,No,No,No,No,No,No,No,Month-to-Month,No,Credit Card,20.100000381469727,39.79999923706055,0,0,71,110.80000305175781,Joined,Others,Others,1
85506-TOR,Female,23,No,Toronto,0,10,,Yes       ,No,No,,No,No,No,No,No,No,No,No,One Year,No,Credit Card,20.200000762939453,34.75,0,0,76.81999969482422,111.56999969482422,Joined,Others,Others,1
85917-CAL,Male,53,Yes,Calgary,7,15,Deal 5,Yes       ,No,No,,No,No,No,No,No,No,No,No,Month-to-Month,Yes,Credit Card,19.5,19.5,0,0,33.02000045776367,52.52000045776367,Joined,Others,Others,1
86289-MIS,Male,27,No,Mississauga,4,27,,Yes       ,No,No,,No,No,No,No,No,No,No,No,Month-to-Month,No,Credit Card,20.299999237060547,20.299999237060547,0,0,29.190000534057617,49.49000168,Joined,Others,Others,1
86315-CAL,Female,54,No,Calgary,6,13,Deal 5,Yes       ,No,No,,No,No,No,No,No,No,No,No,Month-to-Month,No,Bank Withdrawal,20.950000762939453,20.950000762939453,0,0,2.2899999618530273,23.239999771118164,Joined,Others,Others,1
86362-THU,Female,35,Yes,Thunder Bay,15,11,,Yes       ,No,Yes,Fiber Optic,No,No,No,Yes,No,No,No,Yes,Month-to-Month,Yes,Mailed Check,74.30000305175781,74.30000305175781,0,0,39.54999923706055,113.8499984741211,Joined,Others,Others,1
86369-MCT,Female,59,No,Moncton,1,2,Deal 5,Yes       ,Yes,Yes,DSL,No,Yes,No,No,No,No,No,No,Month-to-Month,No,Bank Withdrawal,54.29999923706055,54.29999923706055,0,10,34.02000045776367,98.31999969482422,Joined,Others,Others,1
86703-MON,Female,54,Yes,Montreal,14,35,Deal 5,Yes       ,No,No,,No,No,No,No,No,No,No,No,Month-to-Month,No,Bank Withdrawal,20.649999618530273,20.649999618530273,0,0,1.4700000286102295,22.12000084,Joined,Others,Others,1
86891-SAS,Male,25,No,Saskatoon,7,5,,Yes       ,No,No,,No,No,No,No,No,No,No,No,Month-to-Month,No,Credit Card,20.049999237060547,20.049999237060547,0,0,18.149999618530273,38.20000076293945,Joined,Others,Others,1
86970-RIC,Male,57,Yes,Richmond,2,9,,Yes       ,No,Yes,DSL,No,Yes,No,No,No,No,No,No,Month-to-Month,No,Bank Withdrawal,49.5,49.5,0,30,16.989999771118164,96.48999786376953,Joined,Others,Others,1
87024-VAN,Male,58,No,Vancouver,14,8,Deal 5,Yes       ,No,Yes,Fiber Optic,No,No,No,No,No,No,No,Yes,Month-to-Month,Yes,Credit Card,71.30000305175781,157.75,0,0,13.479999542236328,171.22999572753906,Joined,Others,Others,1
87077-CAL,Male,62,Yes,Calgary,3,21,Deal 5,Yes       ,No,Yes,Cable,No,No,Yes,No,Yes,Yes,Yes,Yes,Month-to-Month,No,Credit Card,69,147.8000030517578,0,0,54.81999969482422,202.6199951171875,Joined,Others,Others,1
87704-SAS,Female,38,Yes,Saskatoon,9,24,Deal 5,Yes       ,No,No,,No,No,No,No,No,No,No,No,Two Year,No,Credit Card,20.450000762939453,20.450000762939453,0,0,43.81999969482422,64.26999664,Joined,Others,Others,1
88107-KEL,Female,58,No,Kelowna,10,34,,No        ,No,Yes,DSL,No,No,No,Yes,No,No,No,No,Month-to-Month,No,Credit Card,30.549999237060547,30.549999237060547,0,40,0,70.55000305175781,Joined,Others,Others,1
88111-TOR,Female,52,Yes,Toronto,15,32,,Yes       ,No,Yes,Fiber Optic,Yes,Yes,No,Yes,No,No,No,Yes,Month-to-Month,Yes,Credit Card,83.40000153,83.40000153,0,0,43.060001373291016,126.45999908447266,Joined,Others,Others,1
88215-VAN,Female,19,No,Vancouver,5,10,Deal 5,Yes       ,Yes,Yes,DSL,No,No,No,No,No,No,No,Yes,Month-to-Month,Yes,Bank Withdrawal,50.04999923706055,50.04999923706055,0,0,43.04999923706055,93.09999847,Joined,Others,Others,1
88728-MIS,Female,42,No,Mississauga,12,9,,Yes       ,No,No,,No,No,No,No,No,No,No,No,One Year,No,Credit Card,21.200000762939453,52.04999923706055,0,0,36.150001525878906,88.19999694824219,Joined,Others,Others,1
89154-HAL,Female,47,No,Halifax,5,3,Deal 5,Yes       ,No,Yes,Cable,No,Yes,No,No,No,No,No,Yes,Month-to-Month,No,Credit Card,49.20000076293945,103.69999694824219,0,0,58.560001373291016,162.25999450683594,Joined,Others,Others,1
89188-VAN,Female,26,Yes,Vancouver,3,9,,Yes       ,No,No,,No,No,No,No,No,No,No,No,Month-to-Month,Yes,Mailed Check,20.549999237060547,33.599998474121094,0,0,33.400001525878906,67,Joined,Others,Others,1
89303-STJ,Male,51,No,St. John's,6,11,Deal 5,Yes       ,No,Yes,Fiber Optic,No,No,No,No,No,No,No,Yes,Month-to-Month,No,Credit Card,69.94999694824219,143.89999389648438,0,0,58.20000076293945,202.10000610351562,Joined,Others,Others,1
89382-THU,Male,56,No,Thunder Bay,5,29,Deal 5,No        ,No,Yes,DSL,No,No,No,Yes,No,No,No,Yes,Month-to-Month,Yes,Bank Withdrawal,29.75,96.84999847,0,0,0,96.84999847,Joined,Others,Others,1
89512-KEL,Male,57,No,Kelowna,3,34,,Yes       ,Yes,Yes,DSL,Yes,Yes,No,No,No,No,No,Yes,Month-to-Month,No,Bank Withdrawal,60.95000076293945,134.60000610351562,0,0,29.760000228881836,164.36000061035156,Joined,Others,Others,1
89804-TOR,Male,34,No,Toronto,4,31,Deal 5,Yes       ,No,No,,No,No,No,No,No,No,No,No,Month-to-Month,No,Credit Card,19.399999618530273,50.599998474121094,0,0,30.31999969482422,80.91999816894531,Joined,Others,Others,1
91320-REG,Female,58,No,Regina,0,18,,Yes       ,No,Yes,Fiber Optic,No,No,No,No,No,No,No,Yes,Month-to-Month,No,Bank Withdrawal,70.09999847,70.09999847,0,0,1.149999976158142,71.25,Joined,Others,Others,1
91835-SAS,Male,21,Yes,Saskatoon,12,5,,Yes       ,No,Yes,Cable,No,No,Yes,Yes,Yes,Yes,Yes,Yes,Month-to-Month,Yes,Bank Withdrawal,75.5,75.5,0,0,5.630000114440918,81.12999725341797,Joined,Others,Others,1
92134-MCT,Male,24,No,Moncton,5,11,,No        ,No,Yes,DSL,No,No,No,No,Yes,No,No,Yes,Month-to-Month,Yes,Credit Card,34.79999923706055,113.94999694824219,0,0,0,113.94999694824219,Joined,Others,Others,1
92198-OTT,Female,44,Yes,Ottawa,8,15,Deal 5,Yes       ,No,No,,No,No,No,No,No,No,No,No,Month-to-Month,Yes,Credit Card,20.25,20.25,0,0,28.18000030517578,48.43000030517578,Joined,Others,Others,1
92228-MCT,Female,22,Yes,Moncton,10,9,,No        ,No,Yes,Cable,No,No,No,No,No,No,No,Yes,Month-to-Month,Yes,Credit Card,25.149999618530273,25.149999618530273,0,0,0,25.149999618530273,Joined,Others,Others,1
92398-STJ,Male,35,No,St. John's,5,12,Deal 5,Yes       ,No,No,,No,No,No,No,No,No,No,No,Month-to-Month,Yes,Credit Card,20,61.70000076293945,0,0,46.11000061035156,107.80999755859375,Joined,Others,Others,1
92494-TOR,Female,39,Yes,Toronto,11,19,,Yes       ,No,Yes,Fiber Optic,Yes,Yes,No,No,Yes,No,No,No,Month-to-Month,Yes,Bank Withdrawal,91.15000153,168.5,0,10,93.55999755859375,272.05999755859375,Joined,Others,Others,1
92527-VAN,Female,40,No,Vancouver,7,16,,Yes       ,No,No,,No,No,No,No,No,No,No,No,Month-to-Month,Yes,Credit Card,20.049999237060547,20.049999237060547,0,0,3.2300000190734863,23.280000686645508,Joined,Others,Others,1
93520-SAS,Female,67,No,Saskatoon,13,19,Deal 5,Yes       ,Yes,Yes,Fiber Optic,No,No,No,No,No,No,No,Yes,One Year,Yes,Bank Withdrawal,72.09999847,72.09999847,0,0,7.769999980926514,79.87000274658203,Joined,Others,Others,1
93521-TOR,Female,55,No,Toronto,6,35,,Yes       ,No,Yes,DSL,No,No,No,Yes,No,No,No,No,Month-to-Month,Yes,Bank Withdrawal,-1,49.29999923706055,0,10,14.970000267028809,74.26999664,Joined,Others,Others,1
93667-RIC,Female,38,No,Richmond,7,33,,Yes       ,No,No,,No,No,No,No,No,No,No,No,One Year,Yes,Credit Card,20.549999237060547,57.400001525878906,0,0,33.810001373291016,91.20999908447266,Joined,Others,Others,1
93700-TOR,Female,57,No,Toronto,8,20,Deal 5,Yes       ,No,Yes,Cable,Yes,No,No,No,No,No,No,Yes,Month-to-Month,Yes,Credit Card,50.70000076293945,50.70000076293945,0,0,38.04999923706055,88.75,Joined,Others,Others,1
94070-KEL,Female,21,Yes,Kelowna,8,3,,Yes       ,No,Yes,Fiber Optic,No,No,No,No,Yes,Yes,Yes,Yes,Month-to-Month,Yes,Bank Withdrawal,90.09999847,90.09999847,0,0,24.329999923706055,114.43000030517578,Joined,Others,Others,1
94124-TOR,Female,21,No,Toronto,9,8,,Yes       ,No,Yes,Fiber Optic,No,No,No,No,Yes,No,No,Yes,Month-to-Month,Yes,Bank Withdrawal,79.94999694824219,174.4499969482422,0,0,75.40000153,249.85000610351562,Joined,Others,Others,1
94243-CAL,Female,34,No,Calgary,5,15,,Yes       ,No,No,,No,No,No,No,No,No,No,No,Month-to-Month,Yes,Credit Card,19.899999618530273,19.899999618530273,0,0,7.760000228881836,27.65999984741211,Joined,Others,Others,1
94305-VAN,Male,49,Yes,Vancouver,5,18,Deal 5,Yes       ,No,No,,No,No,No,No,No,No,No,No,Month-to-Month,No,Bank Withdrawal,19.75,19.75,0,0,5.320000171661377,25.06999969482422,Joined,Others,Others,1
94609-HAM,Female,45,No,Hamilton,1,11,,Yes       ,No,No,,No,No,No,No,No,No,No,No,Month-to-Month,No,Credit Card,19.649999618530273,60.650001525878906,0,0,91.01999664,151.6699981689453,Joined,Others,Others,1
94978-SUR,Female,36,No,Surrey,2,8,,Yes       ,No,No,,No,No,No,No,No,No,No,No,One Year,Yes,Credit Card,19.450000762939453,69.25,0,0,8.340000153,77.58999633789062,Joined,Others,Others,1
95594-CAL,Female,64,No,Calgary,4,1,,Yes       ,No,Yes,DSL,No,No,No,No,No,No,No,Yes,Month-to-Month,No,Bank Withdrawal,44,44,0,0,15.65999984741211,59.65999984741211,Joined,Others,Others,1
95735-SUR,Female,53,No,Surrey,10,21,,Yes       ,No,No,,No,No,No,No,No,No,No,No,Month-to-Month,No,Credit Card,19.25,48.349998474121094,0,0,42.36000061035156,90.70999908447266,Joined,Others,Others,1
95748-MIS,Male,22,Yes,Mississauga,5,4,Deal 5,Yes       ,Yes,No,,No,No,No,No,No,No,No,No,Month-to-Month,No,Mailed Check,25.399999618530273,25.399999618530273,0,0,32.72999954223633,58.130001068115234,Joined,Others,Others,1
95822-STJ,Male,34,Yes,St. John's,3,26,,Yes       ,No,No,,No,No,No,No,No,No,No,No,Month-to-Month,Yes,Credit Card,19.200000762939453,19.200000762939453,0,0,17.889999389648438,37.09000015258789,Joined,Others,Others,1
95991-CHA,Female,37,Yes,Charlottetown,0,32,,Yes       ,No,Yes,Cable,No,No,No,Yes,No,No,No,Yes,Month-to-Month,Yes,Credit Card,50.25,152.3000030517578,0,0,84.56999969482422,236.8699951171875,Joined,Others,Others,1
96430-SUR,Male,37,No,Surrey,0,23,,Yes       ,No,Yes,DSL,Yes,No,No,No,No,No,No,Yes,Month-to-Month,Yes,Credit Card,48.75,48.75,0,0,26.260000228881836,75.01000213623047,Joined,Others,Others,1
96967-WHI,Female,33,No,Whitehorse,5,8,,Yes       ,No,Yes,Fiber Optic,No,No,No,No,Yes,Yes,Yes,Yes,Month-to-Month,Yes,Bank Withdrawal,89.34999847,89.34999847,0,0,5.360000133514404,94.70999908447266,Joined,Others,Others,1
97427-KEL,Female,27,Yes,Kelowna,9,2,Deal 5,Yes       ,No,No,,No,No,No,No,No,No,No,No,Month-to-Month,Yes,Credit Card,20.350000381469727,20.350000381469727,0,0,29.860000610351562,50.209999084472656,Joined,Others,Others,1
97497-HAL,Male,24,Yes,Halifax,9,8,Deal 5,Yes       ,No,Yes,DSL,No,Yes,No,No,No,No,No,Yes,Month-to-Month,Yes,Bank Withdrawal,49.900001525878906,49.900001525878906,0,0,6.349999904632568,56.25,Joined,Others,Others,1
97615-TOR,Female,23,Yes,Toronto,11,10,Deal 5,Yes       ,No,No,,No,No,No,No,No,No,No,No,Month-to-Month,No,Credit Card,20.200000762939453,20.200000762939453,0,0,41.099998474121094,61.29999923706055,Joined,Others,Others,1
97828-TOR,Female,57,No,Toronto,0,12,Deal 5,Yes       ,No,Yes,Fiber Optic,No,No,No,No,Yes,Yes,Yes,Yes,Month-to-Month,Yes,Bank Withdrawal,92,266.79998779296875,0,0,46.79999923706055,313.6000061035156,Joined,Others,Others,1
98301-MON,Male,28,Yes,Montreal,4,27,,Yes       ,No,Yes,Cable,Yes,No,Yes,No,No,No,No,Yes,Month-to-Month,No,Bank Withdrawal,53.45000076293945,119.5,0,0,25.18000030517578,144.67999267578125,Joined,Others,Others,1
98334-CHA,Male,67,Yes,Charlottetown,15,20,,Yes       ,No,No,,No,No,No,No,No,No,No,No,Month-to-Month,No,Bank Withdrawal,20.200000762939453,65.94999694824219,0,0,95.43000030517578,161.3800048828125,Joined,Others,Others,1
98767-MON,Female,26,No,Montreal,14,7,,Yes       ,No,No,,No,No,No,No,No,No,No,No,Month-to-Month,No,Credit Card,20.049999237060547,20.049999237060547,0,0,11.100000381469727,31.149999618530273,Joined,Others,Others,1
98788-CAL,Male,58,Yes,Calgary,4,16,Deal 5,Yes       ,No,No,,No,No,No,No,No,No,No,No,Month-to-Month,Yes,Mailed Check,20.049999237060547,39.25,0,0,13.699999809265137,52.95000076293945,Joined,Others,Others,1
99475-VAN,Male,22,Yes,Vancouver,11,11,,Yes       ,No,Yes,DSL,No,Yes,No,No,No,No,No,Yes,Month-to-Month,No,Credit Card,51.54999923706055,106.19999694824219,0,0,37.220001220703125,143.4199981689453,Joined,Others,Others,1
99488-VAN,Male,50,Yes,Vancouver,10,31,,No        ,No,Yes,DSL,No,No,No,No,No,No,No,Yes,Month-to-Month,No,Credit Card,24.399999618530273,24.399999618530273,0,0,0,24.399999618530273,Joined,Others,Others,1
99855-TOR,Female,50,Yes,Toronto,5,29,,Yes       ,No,Yes,Fiber Optic,No,No,No,No,No,No,No,Yes,Month-to-Month,Yes,Bank Withdrawal,69.69999694824219,135.1999969482422,0,0,31.34000015258789,166.5399932861328,Joined,Others,Others,1
99862-MCT,Female,30,No,Moncton,12,9,Deal 5,Yes       ,No,Yes,Fiber Optic,No,No,No,Yes,No,No,No,Yes,Month-to-Month,No,Bank Withdrawal,74,74,0,0,23.700000762939453,97.69999694824219,Joined,Others,Others,1
99996-HAM,Male,22,Yes,Hamilton,2,8,Deal 5,Yes       ,No,Yes,DSL,Yes,Yes,No,No,No,No,Yes,Yes,Month-to-Month,Yes,Credit Card,53.54999923706055,53.54999923706055,0,0,16.059999465942383,69.61000061035156,Joined,Others,Others,1
